"table_name"	"index_name"	"type_desc"	"is_unique"	"is_primary_key"	"columns"
"TAUCTIONBIDDER"	"PK__TAUCTION__8AA1FCC403C811C8"	"CLUSTERED"	"1"	"1"	"dwAuctionID,dwCharID"
"TAICHART"	"PK__TAICHART__8863207C365E7E8D"	"CLUSTERED"	"1"	"1"	"bAIType,dwCmdID,bTriggerType,dwTriggerID"
"TAICHART"	"IX_TAICHART"	"NONCLUSTERED"	"0"	"0"	"bAIType"
"TAICMDCHART"	"PK__TAICMDCH__E1DB92C4393AEB38"	"CLUSTERED"	"1"	"1"	"dwCmdID"
"TMOUNTCHART"	"PK__TMOUNTCH__1AA6E4B586727322"	"CLUSTERED"	"1"	"1"	"wMountID"
"TAICONCHART"	"PK__TAICONCH__2433FB783C1757E3"	"CLUSTERED"	"1"	"1"	"dwCmdID,bConditionType"
"TAICONCHART"	"IX_TAICONCHART"	"NONCLUSTERED"	"0"	"0"	"dwCmdID"
"TMAPCHART"	"PK__TMAPCHAR__965C2E392B66A5E0"	"CLUSTERED"	"1"	"1"	"bGroupID,wMapID,bServerID"
"TAUCTIONINTEREST"	"PK__TAUCTION__E33FAE520798A2AC"	"CLUSTERED"	"1"	"1"	"dwCharID,dwAuctionID"
"TAUCTIONINTEREST"	"IX_TAUCTIONINTEREST"	"NONCLUSTERED"	"0"	"0"	"dwCharID,dwAuctionID"
"TARENACHART"	"PK__TARENACH__30FE57433EF3C48E"	"CLUSTERED"	"1"	"1"	"wID"
"TFAKECHARCHART"	"PK__TFAKECHA__B92C9D030857BCBB"	"CLUSTERED"	"1"	"1"	"dwCharID"
"TAUCTIONTABLE"	"PK__TAUCTION__A133351441D03139"	"CLUSTERED"	"1"	"1"	"dwAuctionID"
"TUNITCHART"	"PK__TUNITCHA__7F71EF1B3B38E447"	"CLUSTERED"	"1"	"1"	"bGroup,bServerID,wMapID,wUnitID"
"TUNITCHART"	"IX_TUNITCHART_GR_SVR_MAP_ID"	"NONCLUSTERED"	"0"	"0"	"bGroup,wMapID,bServerID"
"TFAKESHOPCHART"	"PK__TFAKESHO__FCD3804E0D1C71D8"	"CLUSTERED"	"1"	"1"	"wIndex,bCountry"
"TSVRMSGCHART"	"PK__TSVRMSGC__2F7525020D3C6D69"	"CLUSTERED"	"1"	"1"	"dwID"
"TQCONDITIONCHART"	"PK__TQCONDIT__2F7525020E5B7A2B"	"CLUSTERED"	"1"	"1"	"dwID"
"TQCONDITIONCHART"	"IX_TQCONDITIONCHART_QUEST"	"NONCLUSTERED"	"0"	"0"	"dwQuestID"
"TITEMCHANGE"	"IX_TITEMCHANGE"	"NONCLUSTERED"	"0"	"0"	"wItemID"
"TRANKING"	"PK__TRANKING__B92C9D036B4AD28E"	"CLUSTERED"	"1"	"1"	"dwCharID"
"TSKILLPOINTCHART"	"PK__TSKILLPO__8AD7F2AF17A4ED43"	"CLUSTERED"	"1"	"1"	"wID,bLevel"
"TSKILLREWARD"	"PK__TSKILLRE__8AD7F2AF1A8159EE"	"CLUSTERED"	"1"	"1"	"wID,bLevel"
"TQREWARDCHART"	"PK__TQREWARD__2F75250214145381"	"CLUSTERED"	"1"	"1"	"dwID"
"TQREWARDCHART"	"IX_TQREWARDCHART_QUEST"	"NONCLUSTERED"	"0"	"0"	"dwQuestID"
"TSKYGARDENTABLE"	"PK__TSKYGARD__30FE574313F457F0"	"CLUSTERED"	"1"	"1"	"wID"
"TFRIENDGROUPTABLE"	"PK__TFRIENDG__8C5653E214BD93A0"	"CLUSTERED"	"1"	"1"	"dwCharID,bGroup"
"TFRIENDGROUPTABLE"	"IX_TFRIENDGROUPTABLE_CHAR"	"NONCLUSTERED"	"0"	"0"	"dwCharID"
"TSTARTITEMCHART"	"PK__TSTARTIT__3634486623169FEF"	"CLUSTERED"	"1"	"1"	"bCountry,bClass,bInven,bSlot"
"TSTARTRECALL"	"IX_TSTARTRECALL"	"NONCLUSTERED"	"0"	"0"	"bClassID"
"TTEMPCABINETITEMTABLE"	"PK__TTEMPCAB__A2C2BB4D17B9FBDC"	"CLUSTERED"	"1"	"1"	"dwCharID,bCabinetID,dwStItemID"
"TTEMPCABINETITEMTABLE"	"IX_TTEMPCABINETITEMTABLE_CHAR"	"NONCLUSTERED"	"0"	"0"	"dwCharID"
"TSPAWNPATHCHART"	"PK__TSPAWNPA__FE27189F17C4E8D4"	"CLUSTERED"	"1"	"1"	"wSpawnID,bPathID"
"TQUESTCHART"	"PK__TQUESTCH__529A79CE19CD2CD7"	"CLUSTERED"	"1"	"1"	"dwQuestID"
"TQUESTCHART"	"IX_TQUESTCHART_PARENT"	"NONCLUSTERED"	"0"	"0"	"dwParentID"
"TFRIENDTABLE"	"PK__TFRIENDT__1F7F75C3188E2484"	"CLUSTERED"	"1"	"1"	"dwCharID,dwFriendID"
"TFRIENDTABLE"	"IX_TFRIENDTABLE"	"NONCLUSTERED"	"0"	"0"	"dwFriendID"
"TFRIENDTABLE"	"IX_TFRIENDTABLE_CHAR"	"NONCLUSTERED"	"0"	"0"	"dwCharID"
"TNPCITEMCHART"	"PK__TNPCITEM__9070BB85190E12C8"	"CLUSTERED"	"1"	"1"	"wNpcID,dwItemID"
"TNPCITEMCHART"	"IX_TNPCITEMCHART_NPC"	"NONCLUSTERED"	"0"	"0"	"wNpcID"
"TGUILDTABLE_copy"	"PK__TGUILDTA__2F75250287222F78"	"CLUSTERED"	"1"	"1"	"dwID"
"TGUILDTABLE_copy"	"IX_TGUILDTABLE_NAME"	"NONCLUSTERED"	"0"	"0"	"szName"
"TSPAWNPOSCHART"	"PK__TSPAWNPO__30FE57431B9579B8"	"CLUSTERED"	"1"	"1"	"wID"
"TUNIFYPET"	"PK__TUNIFYPE__A41333D028CF7945"	"CLUSTERED"	"1"	"1"	"dwUserID,wPetID"
"TTEMPCABINETTABLE"	"PK__TTEMPCAB__83E1E3EF1C7EB0F9"	"CLUSTERED"	"1"	"1"	"dwCharID,bCabinetID"
"TTEMPCABINETTABLE"	"IX_TTEMPCABINETTABLE_CHAR"	"NONCLUSTERED"	"0"	"0"	"dwCharID"
"TDESTINATIONCHART"	"PK__TDESTINA__E88A603822977D02"	"CLUSTERED"	"1"	"1"	"wPortalID,wDestID"
"TDESTINATIONCHART"	"IX_TDESTINATIONCHART_PORTAL"	"NONCLUSTERED"	"0"	"0"	"wPortalID"
"TQUESTTERMCHART"	"PK__TQUESTTE__2F7525021D9DBDBB"	"CLUSTERED"	"1"	"1"	"dwID"
"TQUESTTERMCHART"	"IX_TQUESTTERMCHART_QUEST"	"NONCLUSTERED"	"0"	"0"	"dwQuestID"
"TGMREWARDCHART"	"IX_TGMREWARDCHART"	"NONCLUSTERED"	"0"	"0"	"bLevel"
"TGMREWARDTABLE"	"PK__TGMREWAR__C5ACC33B202F464C"	"CLUSTERED"	"1"	"1"	"dwUserID,bLevel"
"TTEMPINVENTABLE"	"PK__TTEMPINV__688A92BB21436616"	"CLUSTERED"	"1"	"1"	"dwCharID,bInvenID"
"TTEMPINVENTABLE"	"IX_TTEMPINVENTABLE_CHAR"	"NONCLUSTERED"	"0"	"0"	"dwCharID"
"TMONTHPVPOINTTABLE"	"PK__TMONTHPV__9661723321AD7A6A"	"CLUSTERED"	"1"	"1"	"dwCharID,bCountry"
"TGODBALLCHART"	"PK__TGODBALL__30FE574323FFD730"	"CLUSTERED"	"1"	"1"	"wID"
"TCABINETITEMTABLE"	"PK__TCABINET__A2C2BB4D25290593"	"CLUSTERED"	"1"	"1"	"dwCharID,bCabinetID,dwStItemID"
"TCABINETITEMTABLE"	"IX_TCABINETTABLE_CHAR"	"NONCLUSTERED"	"0"	"0"	"dwCharID"
"TCABINETITEMTABLE"	"IX_TCABINETITEMTABLE_CHAR"	"NONCLUSTERED"	"0"	"0"	"dwCharID"
"TTEMPITEMTABLE"	"IX_TTEMPITEMTABLE_CHAR"	"NONCLUSTERED"	"0"	"0"	"dwOwnerID,bOwnerType,bStorageType"
"TTEMPITEMTABLE"	"IX_TTEMPITEMTABLE"	"NONCLUSTERED"	"0"	"0"	"dlID"
"TCLASSCHART"	"PK__TCLASSCH__87A39E104D41E3E5"	"CLUSTERED"	"1"	"1"	"bClassID"
"THELPMESSAGETABLE"	"PK__THELPMES__DE99891F26680DE6"	"CLUSTERED"	"1"	"1"	"bID"
"TMONTHRANKCHART"	"PK__TMONTHRA__71238B2B26722F87"	"CLUSTERED"	"1"	"1"	"bRank"
"TGODTOWERCHART"	"PK__TGODTOWE__30FE574327D06814"	"CLUSTERED"	"1"	"1"	"wID"
"TMOUNTITEMTABLE"	"PK__TMOUNTIT__583961AD9F0C7AC8"	"CLUSTERED"	"1"	"1"	"dwUserID,wItemID"
"TTEMPITEMUSEDTABLE"	"PK__TTEMPITE__A4A3CF4228E487DE"	"CLUSTERED"	"1"	"1"	"dwCharID,wDelayGroupID"
"TTEMPITEMUSEDTABLE"	"IX_TTEMPITEMUSEDTABLE_CHAR"	"NONCLUSTERED"	"0"	"0"	"dwCharID"
"TTITLETABLE"	"PK__TTITLETA__0A50479F28EF74D6"	"CLUSTERED"	"1"	"1"	"dwCharID,wTitleID"
"TQUESTTABLE"	"PK__TQUESTTA__4C053A9F29199208"	"CLUSTERED"	"1"	"1"	"dwCharID,dwQuestID"
"TQUESTTABLE"	"IX_TQUESTTABLE_CHAR"	"NONCLUSTERED"	"0"	"0"	"dwCharID"
"TQUESTTABLE"	"IX_TQUESTTABLE"	"NONCLUSTERED"	"0"	"0"	"dwQuestID,bCompleteCount"
"TCABINETTABLE"	"PK__TCABINET__83E1E3EF29EDBAB0"	"CLUSTERED"	"1"	"1"	"dwCharID,bCabinetID"
"TCABINETTABLE"	"IX_TCABINETTABLE_CHAR"	"NONCLUSTERED"	"0"	"0"	"dwCharID"
"TITEMLEVELCHART"	"PK__TITEMLEV__5A20AA5E2A18A339"	"CLUSTERED"	"1"	"1"	"bGrade"
"TGEMGRADECHART"	"PK__TGEMGRAD__04329D602A389ECA"	"CLUSTERED"	"1"	"1"	"bGem"
"TMOUNTTABLE"	"PK__TMOUNTTA__F886F34849F77EA5"	"CLUSTERED"	"1"	"1"	"dwCharID,wMountID"
"TSTARTHOTKEY"	"IX_TSTARTHOTKEY"	"NONCLUSTERED"	"0"	"0"	"bClassID"
"TGUILDARTICLETABLE"	"PK__TGUILDAR__B9CA43652BA0F8F8"	"CLUSTERED"	"1"	"1"	"dwGuildID,dwID"
"TGUILDARTICLETABLE"	"IX_TGUILDARTICLETABLE_GUILDID"	"NONCLUSTERED"	"0"	"0"	"dwGuildID"
"TSTARTSKILL"	"IX_TSTARTSKILL"	"NONCLUSTERED"	"0"	"0"	"bClassID"
"TITEMATTRCHART"	"PK__TITEMATT__30FE57432CAAF721"	"CLUSTERED"	"1"	"1"	"wID"
"TTEMPSKILLMAINTAINTABLE"	"PK__TTEMPSKI__80F816172CB518C2"	"CLUSTERED"	"1"	"1"	"dwCharID,wSkillID"
"TTEMPSKILLMAINTAINTABLE"	"IX_TTEMPSKILLMAINTAINTABLE_CHAR"	"NONCLUSTERED"	"0"	"0"	"dwCharID"
"TBATTLETIMECHART"	"PK__TBATTLET__833405D22CC005BA"	"CLUSTERED"	"1"	"1"	"bType"
"TITEMTABLE"	"PK__TITEMTAB__DA9B90A62D7432D1"	"CLUSTERED"	"1"	"1"	"dlID"
"TITEMTABLE"	"IX_TITEMTABLE"	"NONCLUSTERED"	"0"	"0"	"dwOwnerID,bOwnerType,bStorageType,dwStorageID"
"TCASTLEAPPLICANTTABLE"	"PK__TCASTLEA__B92C9D032DBE4B94"	"CLUSTERED"	"1"	"1"	"dwCharID"
"TITEMLOG"	"IX_TITEMLOG"	"NONCLUSTERED"	"0"	"0"	"bInsType"
"TEQUIPCREATECHARCHART"	"PK__TEQUIPCR__4F3A3EC952FABD3B"	"CLUSTERED"	"1"	"1"	"bCountry,bClass,bSex"
"TITEMCHART_bak"	"PK__TITEMCHA__7BC077A32E092FAE"	"CLUSTERED"	"1"	"1"	"wItemID"
"TITEMMAGICCHART"	"PK__TITEMMAG__1C49BB672EDD5856"	"CLUSTERED"	"1"	"1"	"bMagic"
"TGUILDCABINETTABLE"	"PK__TGUILDCA__9288588D2F7189DC"	"CLUSTERED"	"1"	"1"	"dwGuildID,dwItemID"
"TGUILDCABINETTABLE"	"IX_TGUILDCABINETTABLE_GUILDID"	"NONCLUSTERED"	"0"	"0"	"dwGuildID"
"TGUILDCABINETTABLE"	"IX_TGUILDCABINETTABLE_GUILDID_WITEMID_COUNT"	"NONCLUSTERED"	"0"	"0"	"dwGuildID,wItemID,bCount"
"TITEMCHART"	"PK__TITEMCHA__7BC077A3448280B2"	"CLUSTERED"	"1"	"1"	"wItemID"
"TQUESTTERMTABLE"	"PK__TQUESTTE__A60E15C530BAB3D0"	"CLUSTERED"	"1"	"1"	"dwCharID,dwQuestID,dwTermID"
"TQUESTTERMTABLE"	"IX_TQUESTTERMTABLE_CHAR"	"NONCLUSTERED"	"0"	"0"	"dwCharID"
"TQUESTTERMTABLE"	"IX_TQUESTTERMTABLE_CHARID_QUESTID_TERMID"	"NONCLUSTERED"	"0"	"0"	"dwCharID,dwQuestID,dwTermID"
"TQUESTITEMCHART"	"PK__TQUESTIT__2F752502314FB0AD"	"CLUSTERED"	"1"	"1"	"dwID"
"TCASTLETABLE"	"IX_TCASTLETABLE"	"NONCLUSTERED"	"0"	"0"	"wCastle"
"TBATTLEZONECHART"	"PK__TBATTLEZ__30FE57433278DF10"	"CLUSTERED"	"1"	"1"	"wID"
"TBATTLEZONECHART"	"IX_TBATTLEZONECHART_CASTLE"	"NONCLUSTERED"	"0"	"0"	"wCastle"
"TGUILDCHART"	"PK__TGUILDCH__A29A5ECA34363EF9"	"CLUSTERED"	"1"	"1"	"bLevel"
"TRACECHART"	"PK__TRACECHA__886B2FD2348B44B4"	"CLUSTERED"	"1"	"1"	"bRaceID"
"TTEMPSKILLTABLE"	"PK__TTEMPSKI__80F81617363E82FC"	"CLUSTERED"	"1"	"1"	"dwCharID,wSkillID"
"TTEMPSKILLTABLE"	"IX_TTEMPSKILLTABLE_CHAR"	"NONCLUSTERED"	"0"	"0"	"dwCharID"
"TITEMMAGICLEVELCHART"	"PK__TITEMMAG__A2E8D934367E7A1E"	"CLUSTERED"	"1"	"1"	"dwSection"
"TGUILDMEMBERTABLE"	"PK__TGUILDME__B92C9D033806CFDD"	"CLUSTERED"	"1"	"1"	"dwCharID"
"TRECALLMAINTAINTABLE"	"IX_TRECALLMAINTAINTABLE"	"NONCLUSTERED"	"0"	"0"	"dwCharID"
"TRECALLMONTABLE"	"PK__TRECALLM__2F752502394FF9D1"	"CLUSTERED"	"1"	"1"	"dwID"
"TRECALLMONTABLE"	"IX_TRECALLMONTABLE_OWNER"	"NONCLUSTERED"	"0"	"0"	"dwOwnerID"
"TRECALLMONTABLE"	"IX_TRECALLMONTABLE_OWNERID_ID"	"NONCLUSTERED"	"0"	"0"	"dwOwnerID,dwID"
"TRECALLMONTABLE"	"IX_TRECALLMONTABLE_OWNERID_UPDATE"	"NONCLUSTERED"	"0"	"0"	"dwOwnerID,bEffect"
"TTNMTEVENTREWARDTABLE"	"PK__TTNMTEVE__30FE57433A0F13E0"	"CLUSTERED"	"1"	"1"	"wID"
"TITEMSETCHART"	"PK__TITEMSET__995A1B113B432F3B"	"CLUSTERED"	"1"	"1"	"wBaseID,wSetID"
"TGUILDPLAYLOG"	"IX_TGUILDPLAYLOG"	"NONCLUSTERED"	"0"	"0"	"dwGuildID"
"TSWITCHCHART"	"PK__TSWITCHC__45C8B3693EFEB186"	"CLUSTERED"	"1"	"1"	"dwSwitchID"
"TGUILDPVPOINTREWARDTABLE"	"IX_TGUILDPVPOINTREWARDTABLE"	"NONCLUSTERED"	"0"	"0"	"dwGuildID"
"TTNMTEVENTSCHEDULETABLE"	"PK__TTNMTEVE__9D19B92A3DDFA4C4"	"CLUSTERED"	"1"	"1"	"wTournamentID,bStep"
"TGUILDPVPRECORDTABLE"	"IX_TGUILDPVPRECORDTABLE"	"NONCLUSTERED"	"0"	"0"	"dwGuildID,dwCharID,dwDate"
"TRESERVEDPOST"	"PK__TRESERVE__E15A5BA13FFCF760"	"CLUSTERED"	"1"	"1"	"dwSeq"
"TRESERVEDPOST"	"IX_TRESERVEDPOST"	"NONCLUSTERED"	"0"	"0"	"bSend"
"TRESERVEDPOST"	"IX_TRESERVEDPOST_1"	"NONCLUSTERED"	"0"	"0"	"dwRecverID,wItemID"
"TTNMTEVENTTABLE"	"PK__TTNMTEVE__4BF8235C41B035A8"	"CLUSTERED"	"1"	"1"	"wTournamentID,bEntryID"
"TTITLECHART"	"PK__TTITLECH__37CDA9CA42CF426A"	"CLUSTERED"	"1"	"1"	"wTitleID"
"TTNMTEVENTTIMETABLE"	"PK__TTNMTEVE__FF5D6FA14580C68C"	"CLUSTERED"	"1"	"1"	"wTournamentID"
"TTOURNAMENTREWARDCHART"	"PK__TTOURNAM__30FE574345E0B93F"	"CLUSTERED"	"1"	"1"	"wID"
"TMAPMONCHART"	"PK__TMAPMONC__52A4AA58469FD34E"	"CLUSTERED"	"1"	"1"	"wSpawnID,wMonID,bEssential"
"TMAPMONCHART"	"IX_TMAPMONCHART"	"NONCLUSTERED"	"0"	"0"	"wSpawnID"
"TTOURNAMENTCHART"	"PK__TTOURNAM__4A54CFDA49515770"	"CLUSTERED"	"1"	"1"	"bEntryID"
"TRPSGAMERECORDTABLE"	"IX_TRPSGAMERECORDTABLE"	"NONCLUSTERED"	"0"	"0"	"bType,bWinCount,dWinDate"
"ACCESSORYMAGICTABLE"	"PK__ACCESSOR__3214EC27467F8076"	"CLUSTERED"	"1"	"1"	"ID"
"TTOURNAMENTPLAYERTABLE"	"PK__TTOURNAM__B92C9D034F0A30C6"	"CLUSTERED"	"1"	"1"	"dwCharID"
"TINDUNCHART"	"PK__TINDUNCH__4713A8584F6A2379"	"CLUSTERED"	"1"	"1"	"wMapID"
"TGUILDTABLE"	"PK__TGUILDTA__2F75250268341ABF"	"CLUSTERED"	"1"	"1"	"dwID"
"TGUILDTABLE"	"IX_TGUILDTABLE_NAME"	"NONCLUSTERED"	"0"	"0"	"szName"
"TGUILDTACTICSTABLE"	"PK__TGUILDTA__F19F4C1052BAC619"	"CLUSTERED"	"1"	"1"	"dwCharID,dwGuildID"
"TGUILDTACTICSTABLE"	"IX_TGUILDTACTICSTABLE_CHAR"	"NONCLUSTERED"	"0"	"0"	"dwCharID"
"TGUILDTACTICSTABLE"	"IX_TGUILDTACTICSTABLE_GUILDID"	"NONCLUSTERED"	"0"	"0"	"dwGuildID"
"TMONITEMCHART"	"PK__TMONITEM__C7D247B055E216DE"	"CLUSTERED"	"1"	"1"	"wMonID,wItemID,bChartType"
"TMONITEMCHART"	"IX_TMONITEMCHART_MON"	"NONCLUSTERED"	"0"	"0"	"wMonID"
"TOPERATORTABLE"	"PK__TOPERATO__9977503C5344D5FE"	"CLUSTERED"	"1"	"1"	"dwOperatorID"
"TSKILLCHART"	"PK__TSKILLCH__30FE574364EF5044"	"CLUSTERED"	"1"	"1"	"wID"
"TSKILLCHART"	"IX_TSKILLCHART_CLASSID_CANLEARN_LEVEL"	"NONCLUSTERED"	"0"	"0"	"dwClassID,bCanLearn,bLevel"
"TTOURNAMENTREWARDCHART_weap"	"PK__TTOURNAM__30FE574356AB528E"	"CLUSTERED"	"1"	"1"	"wID"
"TGUILDTACTICSWANTEDTABLE"	"PK__TGUILDTA__2F752502577F7B36"	"CLUSTERED"	"1"	"1"	"dwID"
"TGUILDTACTICSWANTEDTABLE"	"IX_TGUILDTACTICSWANTEDTABLE"	"NONCLUSTERED"	"0"	"0"	"dwGuildID"
"TITEMUSEDTABLE"	"PK__TITEMUSE__A4A3CF42583E9545"	"CLUSTERED"	"1"	"1"	"dwCharID,wDelayGroupID"
"TITEMUSEDTABLE"	"IX_TITEMUSEDTABLE_CHAR"	"NONCLUSTERED"	"0"	"0"	"dwCharID"
"TMONSPAWNCHART"	"PK__TMONSPAW__30FE57435E775CDF"	"CLUSTERED"	"1"	"1"	"wID"
"TMONSPAWNCHART"	"IX_TMONSPAWNCHART_PARTY"	"NONCLUSTERED"	"0"	"0"	"wPartyID"
"TTOURNAMENTSCHEDULECHART"	"PK__TTOURNAM__1137A6565A7BE372"	"CLUSTERED"	"1"	"1"	"bStep,bGroup"
"TPETTABLE"	"PK__TPETTABL__A41333D05AE5F7C6"	"CLUSTERED"	"1"	"1"	"dwUserID,wPetID"
"TPETTABLE"	"IX_TPETTABLE_USER"	"NONCLUSTERED"	"0"	"0"	"dwUserID"
"TGUILDVOLUNTEERTABLE"	"PK__TGUILDVO__811FDD5E5B500C1A"	"CLUSTERED"	"1"	"1"	"dwCharID,bType"
"TLEVELCHART"	"PK__TLEVELCH__A29A5ECA5C0F2629"	"CLUSTERED"	"1"	"1"	"bLevel"
"TCMGIFTCHART"	"PK__TCMGIFTC__D3C98F815E6182EF"	"CLUSTERED"	"1"	"1"	"wGiftID"
"TGUILDWANTEDTABLE"	"PK__TGUILDWA__8B3D11355F209CFE"	"CLUSTERED"	"1"	"1"	"dwGuildID"
"TMONSTERSHOPCHART"	"PK__TMONSTER__30FE57436CBA8F3E"	"CLUSTERED"	"1"	"1"	"wID"
"TCMGIFTTABLE"	"IX_TGIFTTABLE_USERGIFTID"	"NONCLUSTERED"	"0"	"0"	"dwUserID,wGiftID"
"TCMGIFTTABLE"	"IX_TGIFTTABLE_CHARGIFTID"	"NONCLUSTERED"	"0"	"0"	"dwCharID,wGiftID"
"TPOSTITEMTABLE"	"IX_TPOSTITEMTABLE"	"NONCLUSTERED"	"0"	"0"	"dwPostID"
"TPOSTITEMTABLE"	"IX_TPOSTITEMTABLE_CHAR"	"NONCLUSTERED"	"0"	"0"	"dwCharID"
"TSKILLMAINTAINTABLE"	"PK__TSKILLMA__80F81617652E7C0F"	"CLUSTERED"	"1"	"1"	"dwCharID,wSkillID"
"TSKILLMAINTAINTABLE"	"IX_TSKILLMAINTAINTABLE_CHAR"	"NONCLUSTERED"	"0"	"0"	"dwCharID"
"dtproperties"	"PK__dtproper__92EB783E65438AA8"	"CLUSTERED"	"1"	"1"	"id,property"
"TPOSTTABLE"	"PK__TPOSTTAB__8F66CCFF65638639"	"CLUSTERED"	"1"	"1"	"dwPostID"
"TPOSTTABLE"	"IX_TPOSTTABLE_"	"NONCLUSTERED"	"0"	"0"	"dwCharID,dwPostID"
"TPOSTTABLE"	"IX_TPOSTTABLE_SENDID_"	"NONCLUSTERED"	"0"	"0"	"dwSendID,bType"
"TPOSTTABLE"	"IX_TPOSTTABLE_CHARID_READ_TYPE_TIMERECV_"	"NONCLUSTERED"	"0"	"0"	"dwCharID,bRead,bType,timeRecv"
"TNPCCHART"	"PK__TNPCCHAR__30FE5743662D8D40"	"CLUSTERED"	"1"	"1"	"wID"
"TNPCCHART"	"IX_TNPCCHART_NAME"	"NONCLUSTERED"	"0"	"0"	"szName"
"TLASTMONTHPOINTTABLE"	"PK_TLASTMONTHPOINTTABLE"	"CLUSTERED"	"1"	"1"	"dwCharID"
"TLASTTOTALPOINTTABLE"	"PK_TLASTTOTALPOINTTABLE"	"CLUSTERED"	"1"	"1"	"dwCharID"
"TCHARTABLE"	"PK__TCHARTAB__B92C9D0367D5DE90"	"CLUSTERED"	"1"	"1"	"dwCharID"
"TCHARTABLE"	"IX_TCHARTABLE_PW_USER"	"NONCLUSTERED"	"0"	"0"	"dwUserID"
"TCHARTABLE"	"IX_TCHARTABLE_PW_NAME"	"NONCLUSTERED"	"0"	"0"	"szNAME"
"TCHARTABLE"	"IX_TCHARTABLE_PW_RANKPOINT"	"NONCLUSTERED"	"0"	"0"	"dwRankPoint"
"TCHARTABLE"	"IX_TCHARTABLE_PW_USERID_DELETE"	"NONCLUSTERED"	"0"	"0"	"dwUserID,bDelete"
"TCHARTABLE"	"IX_TCHARTABLE_PW_CHARID_DELETE"	"NONCLUSTERED"	"0"	"0"	"dwCharID,bDelete"
"TCHARTABLE"	"IX_TCHARTABLE_PW_USERID_SLOT_DELETE"	"NONCLUSTERED"	"0"	"0"	"dwUserID,bSlot,bDelete"
"TCHARTABLE"	"IX_TCHARTABLE_PW_USERID_COUNTRY_DELETE"	"NONCLUSTERED"	"0"	"0"	"dwUserID,bCountry,bDelete"
"THOTKEYTABLE"	"IX_THOTKEYTABLE_CHAR"	"NONCLUSTERED"	"0"	"0"	"dwCharID"
"TSKILLDATA"	"PK__TSKILLDA__2D89BDBB69B40561"	"CLUSTERED"	"1"	"1"	"wSkillID,bAction,bType,bAttr,bExec"
"TPROTECTEDTABLE"	"PK__TPROTECT__FDF5123F6934171D"	"CLUSTERED"	"1"	"1"	"dwCharID,dwProtected"
"TPROTECTEDTABLE"	"IX_TPROTECTEDTABLE_CHAR"	"NONCLUSTERED"	"0"	"0"	"dwCharID"
"TLOCALOCCUPYTABLE"	"PK__TLOCALOC__DEA88FA869692147"	"CLUSTERED"	"1"	"1"	"wLocalID,bDay"
"TFORMULACHART"	"PK__TFORMULA__DE99891F69E90F8B"	"CLUSTERED"	"1"	"1"	"bID"
"TINVENTABLE"	"PK__TINVENTA__688A92BB6A924FAA"	"CLUSTERED"	"1"	"1"	"dwCharID,bInvenID"
"TINVENTABLE"	"IX_TINVENTABLE"	"NONCLUSTERED"	"0"	"0"	"dwCharID"
"TACTIVECHARTABLE"	"PK__TACTIVEC__B92C9D036CE4AC70"	"CLUSTERED"	"1"	"1"	"dwCharID"
"TACTIVECHARTABLE"	"IX_TACTIVECHARTABLE"	"NONCLUSTERED"	"0"	"0"	"dateEnter"
"TLOCALTABLE"	"PK__TLOCALTA__2ECCE3826D39B22B"	"CLUSTERED"	"1"	"1"	"wLocalID"
"TQCLASSCHART"	"PK__TQCLASSC__B35837B17B08AE95"	"CLUSTERED"	"1"	"1"	"dwClassID"
"TPVPOINTTABLE"	"PK__TPVPOINT__B92C9D036EECF073"	"CLUSTERED"	"1"	"1"	"dwCharID"
"TPVPOINTTABLE"	"IX_TPVPOINTTABLE"	"NONCLUSTERED"	"0"	"0"	"dwTotalPoint"
"TDUELCHARTABLE"	"IX_TDUELCHARTABLE"	"NONCLUSTERED"	"0"	"0"	"dwCharID,dTime"
"TDUELSCORETABLE"	"PK__TDUELSCO__B92C9D037080332A"	"CLUSTERED"	"1"	"1"	"dwCharID"
"TPVPRECENTTABLE"	"IX_TPVPRECENTTABLE"	"NONCLUSTERED"	"0"	"0"	"dwCharID,dlDate"
"TQTITLECHART"	"PK__TQTITLEC__529A79CE039DF496"	"CLUSTERED"	"1"	"1"	"dwQuestID"
"TPVPRECORDTABLE"	"PK__TPVPRECO__B92C9D0373B1A590"	"CLUSTERED"	"1"	"1"	"dwCharID"
"TERASECHARLOG"	"IX_TERASECHARLOG"	"NONCLUSTERED"	"0"	"0"	"dwCharID"
"TSKILLTABLE"	"IX_TSKILLTABLE_CHAR"	"NONCLUSTERED"	"0"	"0"	"dwCharID"
"TPETCHART"	"PK__TPETCHAR__30FE5743F9A8A457"	"CLUSTERED"	"1"	"1"	"wID"
"TMENTORTABLE"	"PK__TMENTORT__B92C9D03799F8910"	"CLUSTERED"	"1"	"1"	"dwCharID"
"TSOULMATETABLE"	"PK__TSOULMAT__B92C9D037A2998F5"	"CLUSTERED"	"1"	"1"	"dwCharID"
"TSOULMATETABLE"	"IX_TSOULMATETABLE"	"NONCLUSTERED"	"0"	"0"	"dwTarget"
"TRPSGAMECHART"	"PK__TRPSGAME__59AC6B660F0FA742"	"CLUSTERED"	"1"	"1"	"bType,bWinCount"
"TMONATTRCHART"	"PK__TMONATTR__8AD7F2AF2089CCEA"	"CLUSTERED"	"1"	"1"	"wID,bLevel"
"TPORTALCHART"	"PK__TPORTALC__827BB9F07B28AA26"	"CLUSTERED"	"1"	"1"	"wPortalID"
"TEVENTITEMTABLE"	"PK__TEVENTIT__B92C9D037BF1E5D6"	"CLUSTERED"	"1"	"1"	"dwCharID"
"TAIDTABLE"	"PK__TAIDTABL__B92C9D037C26F000"	"CLUSTERED"	"1"	"1"	"dwCharID"
"TEVENTQUARTERCHART"	"PK__TEVENTQU__30FE57437FC276BA"	"CLUSTERED"	"1"	"1"	"wID"
"TMONSTERCHART"	"PK__TMONSTER__30FE574344E3BAB5"	"CLUSTERED"	"1"	"1"	"wID"
"TMONSTERCHART"	"IX_TMONSTERCHART_NAME_copy1"	"NONCLUSTERED"	"0"	"0"	"szName"
