"table_name"	"ordinal"	"column_name"	"type_name"	"max_length"	"precision"	"scale"	"is_nullable"	"is_identity"	"is_pk"	"pk_name"	"default_definition"
"IPBLACKLIST"	"1"	"szIP"	"varchar"	"50"	"0"	"0"	"1"	"0"	"0"		
"IPBLACKLIST_game"	"1"	"szIP"	"varchar"	"50"	"0"	"0"	"1"	"0"	"0"		
"releaseDate"	"1"	"dReleaseDate"	"smalldatetime"	"4"	"16"	"0"	"1"	"0"	"0"		
"TACCOUNT"	"1"	"dwUserID"	"int"	"4"	"10"	"0"	"0"	"1"	"1"	"PK_TACCOUNT"	
"TACCOUNT"	"2"	"szUserID"	"varchar"	"50"	"0"	"0"	"1"	"0"	"0"	"PK_TACCOUNT"	
"TACCOUNT"	"3"	"szPasswd"	"varchar"	"50"	"0"	"0"	"1"	"0"	"0"	"PK_TACCOUNT"	
"TACCOUNT"	"4"	"bCheck"	"tinyint"	"1"	"3"	"0"	"1"	"0"	"0"	"PK_TACCOUNT"	"(0)"
"TACCOUNT"	"5"	"dFirstLogin"	"smalldatetime"	"4"	"16"	"0"	"1"	"0"	"0"	"PK_TACCOUNT"	
"TACCOUNT"	"6"	"dLastLogin"	"smalldatetime"	"4"	"16"	"0"	"1"	"0"	"0"	"PK_TACCOUNT"	
"TACCOUNT_PW"	"1"	"szUserID"	"varchar"	"50"	"0"	"0"	"0"	"0"	"0"	"PK__TACCOUNT__7F8566D75A6F5FCC"	
"TACCOUNT_PW"	"2"	"szPasswd"	"varchar"	"255"	"0"	"0"	"1"	"0"	"0"	"PK__TACCOUNT__7F8566D75A6F5FCC"	
"TACCOUNT_PW"	"3"	"bCheck"	"tinyint"	"1"	"3"	"0"	"1"	"0"	"0"	"PK__TACCOUNT__7F8566D75A6F5FCC"	"((0))"
"TACCOUNT_PW"	"4"	"dFirstLogin"	"smalldatetime"	"4"	"16"	"0"	"1"	"0"	"0"	"PK__TACCOUNT__7F8566D75A6F5FCC"	
"TACCOUNT_PW"	"5"	"dLastLogin"	"smalldatetime"	"4"	"16"	"0"	"1"	"0"	"0"	"PK__TACCOUNT__7F8566D75A6F5FCC"	
"TACCOUNT_PW"	"6"	"dwUserID"	"int"	"4"	"10"	"0"	"0"	"1"	"1"	"PK__TACCOUNT__7F8566D75A6F5FCC"	
"TACCOUNT_PW"	"7"	"dwChanged"	"int"	"4"	"10"	"0"	"1"	"0"	"0"	"PK__TACCOUNT__7F8566D75A6F5FCC"	
"TACCOUNT_PW"	"8"	"dwPWKey"	"text"	"16"	"0"	"0"	"1"	"0"	"0"	"PK__TACCOUNT__7F8566D75A6F5FCC"	
"TACCOUNT_PW"	"9"	"szRealUsername"	"varchar"	"50"	"0"	"0"	"1"	"0"	"0"	"PK__TACCOUNT__7F8566D75A6F5FCC"	
"TACCOUNT_PW"	"10"	"szOrigin"	"varchar"	"4"	"0"	"0"	"1"	"0"	"0"	"PK__TACCOUNT__7F8566D75A6F5FCC"	
"TACCOUNT_PW"	"11"	"dwEMKey"	"text"	"16"	"0"	"0"	"1"	"0"	"0"	"PK__TACCOUNT__7F8566D75A6F5FCC"	
"TALLCHARTABLE"	"1"	"dwSeq"	"int"	"4"	"10"	"0"	"0"	"1"	"1"	"PK__TALLCHAR__E15A5BA12D9CB955"	
"TALLCHARTABLE"	"2"	"dwUserID"	"int"	"4"	"10"	"0"	"0"	"0"	"0"	"PK__TALLCHAR__E15A5BA12D9CB955"	
"TALLCHARTABLE"	"3"	"bWorldID"	"tinyint"	"1"	"3"	"0"	"0"	"0"	"0"	"PK__TALLCHAR__E15A5BA12D9CB955"	
"TALLCHARTABLE"	"4"	"dwCharID"	"int"	"4"	"10"	"0"	"0"	"0"	"0"	"PK__TALLCHAR__E15A5BA12D9CB955"	
"TALLCHARTABLE"	"5"	"bSlot"	"tinyint"	"1"	"3"	"0"	"0"	"0"	"0"	"PK__TALLCHAR__E15A5BA12D9CB955"	
"TALLCHARTABLE"	"6"	"szName"	"varchar"	"50"	"0"	"0"	"0"	"0"	"0"	"PK__TALLCHAR__E15A5BA12D9CB955"	
"TALLCHARTABLE"	"7"	"bClass"	"tinyint"	"1"	"3"	"0"	"0"	"0"	"0"	"PK__TALLCHAR__E15A5BA12D9CB955"	
"TALLCHARTABLE"	"8"	"bRace"	"tinyint"	"1"	"3"	"0"	"0"	"0"	"0"	"PK__TALLCHAR__E15A5BA12D9CB955"	
"TALLCHARTABLE"	"9"	"bCountry"	"tinyint"	"1"	"3"	"0"	"0"	"0"	"0"	"PK__TALLCHAR__E15A5BA12D9CB955"	
"TALLCHARTABLE"	"10"	"bSex"	"tinyint"	"1"	"3"	"0"	"0"	"0"	"0"	"PK__TALLCHAR__E15A5BA12D9CB955"	
"TALLCHARTABLE"	"11"	"bHair"	"tinyint"	"1"	"3"	"0"	"0"	"0"	"0"	"PK__TALLCHAR__E15A5BA12D9CB955"	
"TALLCHARTABLE"	"12"	"bFace"	"tinyint"	"1"	"3"	"0"	"0"	"0"	"0"	"PK__TALLCHAR__E15A5BA12D9CB955"	
"TALLCHARTABLE"	"13"	"bBody"	"tinyint"	"1"	"3"	"0"	"0"	"0"	"0"	"PK__TALLCHAR__E15A5BA12D9CB955"	
"TALLCHARTABLE"	"14"	"bPants"	"tinyint"	"1"	"3"	"0"	"0"	"0"	"0"	"PK__TALLCHAR__E15A5BA12D9CB955"	
"TALLCHARTABLE"	"15"	"bHand"	"tinyint"	"1"	"3"	"0"	"0"	"0"	"0"	"PK__TALLCHAR__E15A5BA12D9CB955"	
"TALLCHARTABLE"	"16"	"bFoot"	"tinyint"	"1"	"3"	"0"	"0"	"0"	"0"	"PK__TALLCHAR__E15A5BA12D9CB955"	
"TALLCHARTABLE"	"17"	"bLevel"	"tinyint"	"1"	"3"	"0"	"0"	"0"	"0"	"PK__TALLCHAR__E15A5BA12D9CB955"	
"TALLCHARTABLE"	"18"	"dwEXP"	"int"	"4"	"10"	"0"	"0"	"0"	"0"	"PK__TALLCHAR__E15A5BA12D9CB955"	
"TALLCHARTABLE"	"19"	"bDelete"	"tinyint"	"1"	"3"	"0"	"0"	"0"	"0"	"PK__TALLCHAR__E15A5BA12D9CB955"	"((0))"
"TALLCHARTABLE"	"20"	"dCreateDate"	"datetime"	"8"	"23"	"3"	"0"	"0"	"0"	"PK__TALLCHAR__E15A5BA12D9CB955"	"(getdate())"
"TALLCHARTABLE"	"21"	"dDeleteDate"	"datetime"	"8"	"23"	"3"	"1"	"0"	"0"	"PK__TALLCHAR__E15A5BA12D9CB955"	
"TALLCHARTABLE"	"22"	"dLoginDate"	"datetime"	"8"	"23"	"3"	"1"	"0"	"0"	"PK__TALLCHAR__E15A5BA12D9CB955"	
"TALLCHARTABLE"	"23"	"dLogoutDate"	"datetime"	"8"	"23"	"3"	"1"	"0"	"0"	"PK__TALLCHAR__E15A5BA12D9CB955"	
"TALLCHARTABLE"	"24"	"dwPlayTime"	"int"	"4"	"10"	"0"	"0"	"0"	"0"	"PK__TALLCHAR__E15A5BA12D9CB955"	"((0))"
"TALLCHARTABLE"	"25"	"dwGold"	"int"	"4"	"10"	"0"	"0"	"0"	"0"	"PK__TALLCHAR__E15A5BA12D9CB955"	"((0))"
"TALLCHARTABLE"	"26"	"dwSilver"	"int"	"4"	"10"	"0"	"0"	"0"	"0"	"PK__TALLCHAR__E15A5BA12D9CB955"	"((0))"
"TALLCHARTABLE"	"27"	"dwCooper"	"int"	"4"	"10"	"0"	"0"	"0"	"0"	"PK__TALLCHAR__E15A5BA12D9CB955"	"((0))"
"TALLCHARTABLE"	"28"	"isOnline"	"int"	"4"	"10"	"0"	"1"	"0"	"0"	"PK__TALLCHAR__E15A5BA12D9CB955"	
"TALLCHARTABLE"	"29"	"Ban"	"int"	"4"	"10"	"0"	"1"	"0"	"0"	"PK__TALLCHAR__E15A5BA12D9CB955"	
"TALLCHARTABLE"	"30"	"BanReason"	"text"	"16"	"0"	"0"	"1"	"0"	"0"	"PK__TALLCHAR__E15A5BA12D9CB955"	
"TALLCHARTABLE_TRIGGER"	"1"	"szDBOP"	"char"	"1"	"0"	"0"	"0"	"0"	"0"		
"TALLCHARTABLE_TRIGGER"	"2"	"dwSeq"	"int"	"4"	"10"	"0"	"0"	"0"	"0"		
"TALLCHARTABLE_TRIGGER"	"3"	"dOPDate"	"datetime"	"8"	"23"	"3"	"0"	"0"	"0"		"(getdate())"
"TALLLOCALTABLE"	"1"	"dDate"	"smalldatetime"	"4"	"16"	"0"	"0"	"0"	"1"	"PK_TALLLOCALTABLE"	
"TALLLOCALTABLE"	"2"	"bWorld"	"tinyint"	"1"	"3"	"0"	"0"	"0"	"1"	"PK_TALLLOCALTABLE"	
"TALLLOCALTABLE"	"3"	"wLocalID"	"smallint"	"2"	"5"	"0"	"0"	"0"	"1"	"PK_TALLLOCALTABLE"	
"TALLLOCALTABLE"	"4"	"szLocalName"	"varchar"	"50"	"0"	"0"	"0"	"0"	"0"	"PK_TALLLOCALTABLE"	
"TALLLOCALTABLE"	"5"	"bCountry"	"tinyint"	"1"	"3"	"0"	"1"	"0"	"0"	"PK_TALLLOCALTABLE"	
"TALLLOCALTABLE"	"6"	"dwGuild"	"int"	"4"	"10"	"0"	"1"	"0"	"0"	"PK_TALLLOCALTABLE"	
"TALLLOCALTABLE"	"7"	"szGuildName"	"varchar"	"50"	"0"	"0"	"1"	"0"	"0"	"PK_TALLLOCALTABLE"	
"TALLLOCALTABLE"	"8"	"dOccupy"	"smalldatetime"	"4"	"16"	"0"	"1"	"0"	"0"	"PK_TALLLOCALTABLE"	
"TALLLOCALTABLE"	"9"	"dDefend"	"smalldatetime"	"4"	"16"	"0"	"1"	"0"	"0"	"PK_TALLLOCALTABLE"	
"TALLRANKGUILDTABLE"	"1"	"dwSeq"	"int"	"4"	"10"	"0"	"0"	"1"	"0"		
"TALLRANKGUILDTABLE"	"2"	"dDate"	"smalldatetime"	"4"	"16"	"0"	"0"	"0"	"0"		
"TALLRANKGUILDTABLE"	"3"	"bRankType"	"tinyint"	"1"	"3"	"0"	"0"	"0"	"0"		
"TALLRANKGUILDTABLE"	"4"	"bWorld"	"tinyint"	"1"	"3"	"0"	"0"	"0"	"0"		
"TALLRANKGUILDTABLE"	"5"	"dwGuildSeq"	"int"	"4"	"10"	"0"	"0"	"0"	"0"		
"TALLRANKGUILDTABLE"	"6"	"szGuildName"	"varchar"	"50"	"0"	"0"	"0"	"0"	"0"		
"TALLRANKGUILDTABLE"	"7"	"dwChief"	"int"	"4"	"10"	"0"	"0"	"0"	"0"		
"TALLRANKGUILDTABLE"	"8"	"szChiefName"	"varchar"	"50"	"0"	"0"	"0"	"0"	"0"		
"TALLRANKGUILDTABLE"	"9"	"bLevel"	"tinyint"	"1"	"3"	"0"	"0"	"0"	"0"		
"TALLRANKGUILDTABLE"	"10"	"dwExp"	"int"	"4"	"10"	"0"	"0"	"0"	"0"		
"TALLRANKGUILDTABLE"	"11"	"dwMemberCount"	"int"	"4"	"10"	"0"	"0"	"0"	"0"		
"TALLRANKGUILDTABLE"	"12"	"timeEstablish"	"smalldatetime"	"4"	"16"	"0"	"0"	"0"	"0"		
"TALLRANKGUILDTABLE"	"13"	"dwPlayTime"	"int"	"4"	"10"	"0"	"0"	"0"	"0"		
"TALLRANKGUILDTABLE"	"14"	"nRank"	"int"	"4"	"10"	"0"	"1"	"0"	"0"		
"TALLRANKGUILDTABLE"	"15"	"nRankUpDown"	"int"	"4"	"10"	"0"	"1"	"0"	"0"		
"TALLRANKTABLE"	"1"	"dwSeq"	"int"	"4"	"10"	"0"	"0"	"1"	"0"	"PK_TALLRANKTABLE"	
"TALLRANKTABLE"	"2"	"dDate"	"smalldatetime"	"4"	"16"	"0"	"0"	"0"	"1"	"PK_TALLRANKTABLE"	
"TALLRANKTABLE"	"3"	"bWorld"	"tinyint"	"1"	"3"	"0"	"0"	"0"	"1"	"PK_TALLRANKTABLE"	
"TALLRANKTABLE"	"4"	"bRankType"	"tinyint"	"1"	"3"	"0"	"0"	"0"	"1"	"PK_TALLRANKTABLE"	
"TALLRANKTABLE"	"5"	"dwUserID"	"int"	"4"	"10"	"0"	"1"	"0"	"0"	"PK_TALLRANKTABLE"	
"TALLRANKTABLE"	"6"	"dwCharID"	"int"	"4"	"10"	"0"	"0"	"0"	"1"	"PK_TALLRANKTABLE"	
"TALLRANKTABLE"	"7"	"nRank"	"int"	"4"	"10"	"0"	"0"	"0"	"0"	"PK_TALLRANKTABLE"	
"TALLRANKTABLE"	"8"	"nRankUpDown"	"int"	"4"	"10"	"0"	"1"	"0"	"0"	"PK_TALLRANKTABLE"	
"TALLRANKTABLE"	"9"	"szCharName"	"varchar"	"50"	"0"	"0"	"0"	"0"	"0"	"PK_TALLRANKTABLE"	
"TALLRANKTABLE"	"10"	"bCountry"	"tinyint"	"1"	"3"	"0"	"0"	"0"	"0"	"PK_TALLRANKTABLE"	
"TALLRANKTABLE"	"11"	"bClass"	"tinyint"	"1"	"3"	"0"	"0"	"0"	"0"	"PK_TALLRANKTABLE"	
"TALLRANKTABLE"	"12"	"bRace"	"tinyint"	"1"	"3"	"0"	"0"	"0"	"0"	"PK_TALLRANKTABLE"	
"TALLRANKTABLE"	"13"	"bSex"	"tinyint"	"1"	"3"	"0"	"0"	"0"	"0"	"PK_TALLRANKTABLE"	
"TALLRANKTABLE"	"14"	"bLevel"	"int"	"4"	"10"	"0"	"0"	"0"	"0"	"PK_TALLRANKTABLE"	
"TCABINETITEMCHART"	"1"	"bWorldID"	"tinyint"	"1"	"3"	"0"	"0"	"0"	"0"		
"TCABINETITEMCHART"	"2"	"dwCharID"	"int"	"4"	"10"	"0"	"0"	"0"	"0"		
"TCABINETITEMCHART"	"3"	"dwPostID"	"int"	"4"	"10"	"0"	"0"	"0"	"0"		
"TCABINETITEMCHART"	"4"	"wItemID"	"smallint"	"2"	"5"	"0"	"0"	"0"	"0"		
"TCABINETITEMCHART"	"5"	"bLevel"	"tinyint"	"1"	"3"	"0"	"0"	"0"	"0"		
"TCABINETITEMCHART"	"6"	"bCount"	"tinyint"	"1"	"3"	"0"	"0"	"0"	"0"		
"TCABINETITEMCHART"	"7"	"bMagic1"	"tinyint"	"1"	"3"	"0"	"0"	"0"	"0"		
"TCABINETITEMCHART"	"8"	"bMagic2"	"tinyint"	"1"	"3"	"0"	"0"	"0"	"0"		
"TCABINETITEMCHART"	"9"	"bMagic3"	"tinyint"	"1"	"3"	"0"	"0"	"0"	"0"		
"TCABINETITEMCHART"	"10"	"bMagic4"	"tinyint"	"1"	"3"	"0"	"0"	"0"	"0"		
"TCABINETITEMCHART"	"11"	"bMagic5"	"tinyint"	"1"	"3"	"0"	"0"	"0"	"0"		
"TCABINETITEMCHART"	"12"	"bMagic6"	"tinyint"	"1"	"3"	"0"	"0"	"0"	"0"		
"TCABINETITEMCHART"	"13"	"wValue1"	"smallint"	"2"	"5"	"0"	"0"	"0"	"0"		
"TCABINETITEMCHART"	"14"	"wValue2"	"smallint"	"2"	"5"	"0"	"0"	"0"	"0"		
"TCABINETITEMCHART"	"15"	"wValue3"	"smallint"	"2"	"5"	"0"	"0"	"0"	"0"		
"TCABINETITEMCHART"	"16"	"wValue4"	"smallint"	"2"	"5"	"0"	"0"	"0"	"0"		
"TCABINETITEMCHART"	"17"	"wValue5"	"smallint"	"2"	"5"	"0"	"0"	"0"	"0"		
"TCABINETITEMCHART"	"18"	"wValue6"	"smallint"	"2"	"5"	"0"	"0"	"0"	"0"		
"TCABINETITEMCHART"	"19"	"dwTime1"	"int"	"4"	"10"	"0"	"0"	"0"	"0"		
"TCABINETITEMCHART"	"20"	"dwTime2"	"int"	"4"	"10"	"0"	"0"	"0"	"0"		
"TCABINETITEMCHART"	"21"	"dwTime3"	"int"	"4"	"10"	"0"	"0"	"0"	"0"		
"TCABINETITEMCHART"	"22"	"dwTime4"	"int"	"4"	"10"	"0"	"0"	"0"	"0"		
"TCABINETITEMCHART"	"23"	"dwTime5"	"int"	"4"	"10"	"0"	"0"	"0"	"0"		
"TCABINETITEMCHART"	"24"	"dwTime6"	"int"	"4"	"10"	"0"	"0"	"0"	"0"		
"TCASHBONUSITEMCHART"	"1"	"wCashItemID"	"smallint"	"2"	"5"	"0"	"0"	"0"	"1"	"PK_TCASHBONUSITEMCHART"	
"TCASHBONUSITEMCHART"	"2"	"wBonusItem"	"smallint"	"2"	"5"	"0"	"0"	"0"	"1"	"PK_TCASHBONUSITEMCHART"	
"TCASHBONUSITEMCHART"	"3"	"bBonusItemCount"	"tinyint"	"1"	"3"	"0"	"0"	"0"	"0"	"PK_TCASHBONUSITEMCHART"	
"TCASHCATEGORYCHART"	"1"	"bID"	"tinyint"	"1"	"3"	"0"	"0"	"0"	"1"	"PK_TCASHCATEGORYCHART"	
"TCASHCATEGORYCHART"	"2"	"szName"	"nvarchar"	"100"	"0"	"0"	"0"	"0"	"0"	"PK_TCASHCATEGORYCHART"	
"TCASHCATEGORYCHART"	"3"	"wOrder"	"smallint"	"2"	"5"	"0"	"0"	"0"	"0"	"PK_TCASHCATEGORYCHART"	
"TCASHGAMBLECHART"	"1"	"dwID"	"int"	"4"	"10"	"0"	"0"	"0"	"1"	"PK__TCASHGAM__2F75250266A02C87"	
"TCASHGAMBLECHART"	"2"	"wItemID"	"smallint"	"2"	"5"	"0"	"0"	"0"	"0"	"PK__TCASHGAM__2F75250266A02C87"	
"TCASHGAMBLECHART"	"3"	"bCount"	"tinyint"	"1"	"3"	"0"	"0"	"0"	"0"	"PK__TCASHGAM__2F75250266A02C87"	
"TCASHGAMBLECHART"	"4"	"dwProb"	"int"	"4"	"10"	"0"	"0"	"0"	"0"	"PK__TCASHGAM__2F75250266A02C87"	
"TCASHGAMBLECHART"	"5"	"bLevel"	"tinyint"	"1"	"3"	"0"	"0"	"0"	"0"	"PK__TCASHGAM__2F75250266A02C87"	
"TCASHGAMBLECHART"	"6"	"bGLevel"	"tinyint"	"1"	"3"	"0"	"0"	"0"	"0"	"PK__TCASHGAM__2F75250266A02C87"	
"TCASHGAMBLECHART"	"7"	"bGradeEffect"	"tinyint"	"1"	"3"	"0"	"0"	"0"	"0"	"PK__TCASHGAM__2F75250266A02C87"	
"TCASHGAMBLECHART"	"8"	"bMagic1"	"tinyint"	"1"	"3"	"0"	"0"	"0"	"0"	"PK__TCASHGAM__2F75250266A02C87"	
"TCASHGAMBLECHART"	"9"	"wValue1"	"smallint"	"2"	"5"	"0"	"0"	"0"	"0"	"PK__TCASHGAM__2F75250266A02C87"	
"TCASHGAMBLECHART"	"10"	"dwTime1"	"int"	"4"	"10"	"0"	"0"	"0"	"0"	"PK__TCASHGAM__2F75250266A02C87"	
"TCASHGAMBLECHART"	"11"	"bMagic2"	"tinyint"	"1"	"3"	"0"	"0"	"0"	"0"	"PK__TCASHGAM__2F75250266A02C87"	
"TCASHGAMBLECHART"	"12"	"wValue2"	"smallint"	"2"	"5"	"0"	"0"	"0"	"0"	"PK__TCASHGAM__2F75250266A02C87"	
"TCASHGAMBLECHART"	"13"	"dwTime2"	"int"	"4"	"10"	"0"	"0"	"0"	"0"	"PK__TCASHGAM__2F75250266A02C87"	
"TCASHGAMBLECHART"	"14"	"bMagic3"	"tinyint"	"1"	"3"	"0"	"0"	"0"	"0"	"PK__TCASHGAM__2F75250266A02C87"	
"TCASHGAMBLECHART"	"15"	"wValue3"	"smallint"	"2"	"5"	"0"	"0"	"0"	"0"	"PK__TCASHGAM__2F75250266A02C87"	
"TCASHGAMBLECHART"	"16"	"dwTime3"	"int"	"4"	"10"	"0"	"0"	"0"	"0"	"PK__TCASHGAM__2F75250266A02C87"	
"TCASHGAMBLECHART"	"17"	"bMagic4"	"tinyint"	"1"	"3"	"0"	"0"	"0"	"0"	"PK__TCASHGAM__2F75250266A02C87"	
"TCASHGAMBLECHART"	"18"	"wValue4"	"smallint"	"2"	"5"	"0"	"0"	"0"	"0"	"PK__TCASHGAM__2F75250266A02C87"	
"TCASHGAMBLECHART"	"19"	"dwTime4"	"int"	"4"	"10"	"0"	"0"	"0"	"0"	"PK__TCASHGAM__2F75250266A02C87"	
"TCASHGAMBLECHART"	"20"	"bMagic5"	"tinyint"	"1"	"3"	"0"	"0"	"0"	"0"	"PK__TCASHGAM__2F75250266A02C87"	
"TCASHGAMBLECHART"	"21"	"wValue5"	"smallint"	"2"	"5"	"0"	"0"	"0"	"0"	"PK__TCASHGAM__2F75250266A02C87"	
"TCASHGAMBLECHART"	"22"	"dwTime5"	"int"	"4"	"10"	"0"	"0"	"0"	"0"	"PK__TCASHGAM__2F75250266A02C87"	
"TCASHGAMBLECHART"	"23"	"bMagic6"	"tinyint"	"1"	"3"	"0"	"0"	"0"	"0"	"PK__TCASHGAM__2F75250266A02C87"	
"TCASHGAMBLECHART"	"24"	"wValue6"	"smallint"	"2"	"5"	"0"	"0"	"0"	"0"	"PK__TCASHGAM__2F75250266A02C87"	
"TCASHGAMBLECHART"	"25"	"dwTime6"	"int"	"4"	"10"	"0"	"0"	"0"	"0"	"PK__TCASHGAM__2F75250266A02C87"	
"TCASHGAMBLECHART"	"26"	"wGroup"	"smallint"	"2"	"5"	"0"	"0"	"0"	"0"	"PK__TCASHGAM__2F75250266A02C87"	"((0))"
"TCASHGAMBLECHART"	"27"	"wUseTime"	"smallint"	"2"	"5"	"0"	"0"	"0"	"0"	"PK__TCASHGAM__2F75250266A02C87"	"((0))"
"TCASHGAMBLECHART"	"28"	"dwDuraMax"	"int"	"4"	"10"	"0"	"0"	"0"	"0"	"PK__TCASHGAM__2F75250266A02C87"	"((0))"
"TCASHGAMBLECHART"	"29"	"dwDuraCur"	"int"	"4"	"10"	"0"	"0"	"0"	"0"	"PK__TCASHGAM__2F75250266A02C87"	"((0))"
"TCASHGAMBLECHART"	"30"	"bRefineCur"	"tinyint"	"1"	"3"	"0"	"0"	"0"	"0"	"PK__TCASHGAM__2F75250266A02C87"	"((0))"
"TCASHGAMBLECHART"	"31"	"bGem"	"tinyint"	"1"	"3"	"0"	"1"	"0"	"0"	"PK__TCASHGAM__2F75250266A02C87"	
"TCASHGAMBLECHART"	"32"	"wMoggItemID"	"smallint"	"2"	"5"	"0"	"1"	"0"	"0"	"PK__TCASHGAM__2F75250266A02C87"	
"TCASHITEMBUYTABLE"	"1"	"dDate"	"smalldatetime"	"4"	"16"	"0"	"0"	"0"	"0"		
"TCASHITEMBUYTABLE"	"2"	"dwUserID"	"int"	"4"	"10"	"0"	"0"	"0"	"0"		
"TCASHITEMBUYTABLE"	"3"	"wItemID"	"smallint"	"2"	"5"	"0"	"0"	"0"	"0"		
"TCASHITEMBUYTABLE"	"4"	"bCount"	"tinyint"	"1"	"3"	"0"	"0"	"0"	"0"		
"TCASHITEMBUYTABLE"	"5"	"bChartType"	"int"	"4"	"10"	"0"	"0"	"0"	"0"		
"TCASHITEMCABINETTABLE"	"1"	"dwID"	"int"	"4"	"10"	"0"	"0"	"1"	"1"	"PK_TCASHITEMCABINETTABLE"	
"TCASHITEMCABINETTABLE"	"2"	"dwUserID"	"int"	"4"	"10"	"0"	"0"	"0"	"0"	"PK_TCASHITEMCABINETTABLE"	
"TCASHITEMCABINETTABLE"	"3"	"wItemID"	"smallint"	"2"	"5"	"0"	"0"	"0"	"0"	"PK_TCASHITEMCABINETTABLE"	
"TCASHITEMCABINETTABLE"	"4"	"bLevel"	"tinyint"	"1"	"3"	"0"	"0"	"0"	"0"	"PK_TCASHITEMCABINETTABLE"	
"TCASHITEMCABINETTABLE"	"5"	"bCount"	"tinyint"	"1"	"3"	"0"	"0"	"0"	"0"	"PK_TCASHITEMCABINETTABLE"	
"TCASHITEMCABINETTABLE"	"6"	"bGLevel"	"tinyint"	"1"	"3"	"0"	"0"	"0"	"0"	"PK_TCASHITEMCABINETTABLE"	
"TCASHITEMCABINETTABLE"	"7"	"dwDuraMax"	"int"	"4"	"10"	"0"	"0"	"0"	"0"	"PK_TCASHITEMCABINETTABLE"	
"TCASHITEMCABINETTABLE"	"8"	"dwDuraCur"	"int"	"4"	"10"	"0"	"0"	"0"	"0"	"PK_TCASHITEMCABINETTABLE"	
"TCASHITEMCABINETTABLE"	"9"	"bRefineCur"	"tinyint"	"1"	"3"	"0"	"0"	"0"	"0"	"PK_TCASHITEMCABINETTABLE"	
"TCASHITEMCABINETTABLE"	"10"	"dEndTime"	"smalldatetime"	"4"	"16"	"0"	"0"	"0"	"0"	"PK_TCASHITEMCABINETTABLE"	
"TCASHITEMCABINETTABLE"	"11"	"bGradeEffect"	"tinyint"	"1"	"3"	"0"	"0"	"0"	"0"	"PK_TCASHITEMCABINETTABLE"	"(0)"
"TCASHITEMCABINETTABLE"	"12"	"bMagic1"	"tinyint"	"1"	"3"	"0"	"0"	"0"	"0"	"PK_TCASHITEMCABINETTABLE"	
"TCASHITEMCABINETTABLE"	"13"	"bMagic2"	"tinyint"	"1"	"3"	"0"	"0"	"0"	"0"	"PK_TCASHITEMCABINETTABLE"	
"TCASHITEMCABINETTABLE"	"14"	"bMagic3"	"tinyint"	"1"	"3"	"0"	"0"	"0"	"0"	"PK_TCASHITEMCABINETTABLE"	
"TCASHITEMCABINETTABLE"	"15"	"bMagic4"	"tinyint"	"1"	"3"	"0"	"0"	"0"	"0"	"PK_TCASHITEMCABINETTABLE"	
"TCASHITEMCABINETTABLE"	"16"	"bMagic5"	"tinyint"	"1"	"3"	"0"	"0"	"0"	"0"	"PK_TCASHITEMCABINETTABLE"	
"TCASHITEMCABINETTABLE"	"17"	"bMagic6"	"tinyint"	"1"	"3"	"0"	"0"	"0"	"0"	"PK_TCASHITEMCABINETTABLE"	
"TCASHITEMCABINETTABLE"	"18"	"wValue1"	"smallint"	"2"	"5"	"0"	"0"	"0"	"0"	"PK_TCASHITEMCABINETTABLE"	
"TCASHITEMCABINETTABLE"	"19"	"wValue2"	"smallint"	"2"	"5"	"0"	"0"	"0"	"0"	"PK_TCASHITEMCABINETTABLE"	
"TCASHITEMCABINETTABLE"	"20"	"wValue3"	"smallint"	"2"	"5"	"0"	"0"	"0"	"0"	"PK_TCASHITEMCABINETTABLE"	
"TCASHITEMCABINETTABLE"	"21"	"wValue4"	"smallint"	"2"	"5"	"0"	"0"	"0"	"0"	"PK_TCASHITEMCABINETTABLE"	
"TCASHITEMCABINETTABLE"	"22"	"wValue5"	"smallint"	"2"	"5"	"0"	"0"	"0"	"0"	"PK_TCASHITEMCABINETTABLE"	
"TCASHITEMCABINETTABLE"	"23"	"wValue6"	"smallint"	"2"	"5"	"0"	"0"	"0"	"0"	"PK_TCASHITEMCABINETTABLE"	
"TCASHITEMCABINETTABLE"	"24"	"dwTime1"	"int"	"4"	"10"	"0"	"0"	"0"	"0"	"PK_TCASHITEMCABINETTABLE"	
"TCASHITEMCABINETTABLE"	"25"	"dwTime2"	"int"	"4"	"10"	"0"	"0"	"0"	"0"	"PK_TCASHITEMCABINETTABLE"	
"TCASHITEMCABINETTABLE"	"26"	"dwTime3"	"int"	"4"	"10"	"0"	"0"	"0"	"0"	"PK_TCASHITEMCABINETTABLE"	
"TCASHITEMCABINETTABLE"	"27"	"dwTime4"	"int"	"4"	"10"	"0"	"0"	"0"	"0"	"PK_TCASHITEMCABINETTABLE"	
"TCASHITEMCABINETTABLE"	"28"	"dwTime5"	"int"	"4"	"10"	"0"	"0"	"0"	"0"	"PK_TCASHITEMCABINETTABLE"	
"TCASHITEMCABINETTABLE"	"29"	"dwTime6"	"int"	"4"	"10"	"0"	"0"	"0"	"0"	"PK_TCASHITEMCABINETTABLE"	
"TCASHITEMCABINETTABLE"	"31"	"bWorldID"	"smallint"	"2"	"5"	"0"	"0"	"0"	"0"	"PK_TCASHITEMCABINETTABLE"	"(0)"
"TCASHITEMCABINETTABLE"	"32"	"dlID"	"bigint"	"8"	"19"	"0"	"0"	"0"	"0"	"PK_TCASHITEMCABINETTABLE"	"(0)"
"TCASHITEMCABINETTABLE"	"33"	"bGem"	"tinyint"	"1"	"3"	"0"	"0"	"0"	"0"	"PK_TCASHITEMCABINETTABLE"	
"TCASHITEMCABINETTABLE"	"34"	"wMoggItemID"	"smallint"	"2"	"5"	"0"	"0"	"0"	"0"	"PK_TCASHITEMCABINETTABLE"	
"TCASHITEMCABINETTABLE_PW"	"1"	"dwID"	"int"	"4"	"10"	"0"	"0"	"1"	"1"	"PK__TCASHITE__2F7525024297D63B"	
"TCASHITEMCABINETTABLE_PW"	"2"	"dwUserID"	"int"	"4"	"10"	"0"	"0"	"0"	"0"	"PK__TCASHITE__2F7525024297D63B"	
"TCASHITEMCABINETTABLE_PW"	"3"	"wItemID"	"smallint"	"2"	"5"	"0"	"0"	"0"	"0"	"PK__TCASHITE__2F7525024297D63B"	
"TCASHITEMCABINETTABLE_PW"	"4"	"bLevel"	"tinyint"	"1"	"3"	"0"	"0"	"0"	"0"	"PK__TCASHITE__2F7525024297D63B"	
"TCASHITEMCABINETTABLE_PW"	"5"	"bCount"	"tinyint"	"1"	"3"	"0"	"0"	"0"	"0"	"PK__TCASHITE__2F7525024297D63B"	
"TCASHITEMCABINETTABLE_PW"	"6"	"bGLevel"	"tinyint"	"1"	"3"	"0"	"0"	"0"	"0"	"PK__TCASHITE__2F7525024297D63B"	
"TCASHITEMCABINETTABLE_PW"	"7"	"dwDuraMax"	"int"	"4"	"10"	"0"	"0"	"0"	"0"	"PK__TCASHITE__2F7525024297D63B"	
"TCASHITEMCABINETTABLE_PW"	"8"	"dwDuraCur"	"int"	"4"	"10"	"0"	"0"	"0"	"0"	"PK__TCASHITE__2F7525024297D63B"	
"TCASHITEMCABINETTABLE_PW"	"9"	"bRefineCur"	"tinyint"	"1"	"3"	"0"	"0"	"0"	"0"	"PK__TCASHITE__2F7525024297D63B"	
"TCASHITEMCABINETTABLE_PW"	"10"	"dEndTime"	"smalldatetime"	"4"	"16"	"0"	"0"	"0"	"0"	"PK__TCASHITE__2F7525024297D63B"	
"TCASHITEMCABINETTABLE_PW"	"11"	"bGradeEffect"	"tinyint"	"1"	"3"	"0"	"0"	"0"	"0"	"PK__TCASHITE__2F7525024297D63B"	"((0))"
"TCASHITEMCABINETTABLE_PW"	"12"	"bMagic1"	"tinyint"	"1"	"3"	"0"	"0"	"0"	"0"	"PK__TCASHITE__2F7525024297D63B"	
"TCASHITEMCABINETTABLE_PW"	"13"	"bMagic2"	"tinyint"	"1"	"3"	"0"	"0"	"0"	"0"	"PK__TCASHITE__2F7525024297D63B"	
"TCASHITEMCABINETTABLE_PW"	"14"	"bMagic3"	"tinyint"	"1"	"3"	"0"	"0"	"0"	"0"	"PK__TCASHITE__2F7525024297D63B"	
"TCASHITEMCABINETTABLE_PW"	"15"	"bMagic4"	"tinyint"	"1"	"3"	"0"	"0"	"0"	"0"	"PK__TCASHITE__2F7525024297D63B"	
"TCASHITEMCABINETTABLE_PW"	"16"	"bMagic5"	"tinyint"	"1"	"3"	"0"	"0"	"0"	"0"	"PK__TCASHITE__2F7525024297D63B"	
"TCASHITEMCABINETTABLE_PW"	"17"	"bMagic6"	"tinyint"	"1"	"3"	"0"	"0"	"0"	"0"	"PK__TCASHITE__2F7525024297D63B"	
"TCASHITEMCABINETTABLE_PW"	"18"	"wValue1"	"smallint"	"2"	"5"	"0"	"0"	"0"	"0"	"PK__TCASHITE__2F7525024297D63B"	
"TCASHITEMCABINETTABLE_PW"	"19"	"wValue2"	"smallint"	"2"	"5"	"0"	"0"	"0"	"0"	"PK__TCASHITE__2F7525024297D63B"	
"TCASHITEMCABINETTABLE_PW"	"20"	"wValue3"	"smallint"	"2"	"5"	"0"	"0"	"0"	"0"	"PK__TCASHITE__2F7525024297D63B"	
"TCASHITEMCABINETTABLE_PW"	"21"	"wValue4"	"smallint"	"2"	"5"	"0"	"0"	"0"	"0"	"PK__TCASHITE__2F7525024297D63B"	
"TCASHITEMCABINETTABLE_PW"	"22"	"wValue5"	"smallint"	"2"	"5"	"0"	"0"	"0"	"0"	"PK__TCASHITE__2F7525024297D63B"	
"TCASHITEMCABINETTABLE_PW"	"23"	"wValue6"	"smallint"	"2"	"5"	"0"	"0"	"0"	"0"	"PK__TCASHITE__2F7525024297D63B"	
"TCASHITEMCABINETTABLE_PW"	"24"	"dwTime1"	"int"	"4"	"10"	"0"	"0"	"0"	"0"	"PK__TCASHITE__2F7525024297D63B"	
"TCASHITEMCABINETTABLE_PW"	"25"	"dwTime2"	"int"	"4"	"10"	"0"	"0"	"0"	"0"	"PK__TCASHITE__2F7525024297D63B"	
"TCASHITEMCABINETTABLE_PW"	"26"	"dwTime3"	"int"	"4"	"10"	"0"	"0"	"0"	"0"	"PK__TCASHITE__2F7525024297D63B"	
"TCASHITEMCABINETTABLE_PW"	"27"	"dwTime4"	"int"	"4"	"10"	"0"	"0"	"0"	"0"	"PK__TCASHITE__2F7525024297D63B"	
"TCASHITEMCABINETTABLE_PW"	"28"	"dwTime5"	"int"	"4"	"10"	"0"	"0"	"0"	"0"	"PK__TCASHITE__2F7525024297D63B"	
"TCASHITEMCABINETTABLE_PW"	"29"	"dwTime6"	"int"	"4"	"10"	"0"	"0"	"0"	"0"	"PK__TCASHITE__2F7525024297D63B"	
"TCASHITEMCABINETTABLE_PW"	"30"	"bWorldID"	"smallint"	"2"	"5"	"0"	"0"	"0"	"0"	"PK__TCASHITE__2F7525024297D63B"	"((0))"
"TCASHITEMCABINETTABLE_PW"	"31"	"dlID"	"bigint"	"8"	"19"	"0"	"0"	"0"	"0"	"PK__TCASHITE__2F7525024297D63B"	"((0))"
"TCASHITEMCABINETTABLE_temp"	"1"	"dwID"	"int"	"4"	"10"	"0"	"0"	"1"	"0"		
"TCASHITEMCABINETTABLE_temp"	"2"	"dwUserID"	"int"	"4"	"10"	"0"	"0"	"0"	"0"		
"TCASHITEMCABINETTABLE_temp"	"3"	"wItemID"	"smallint"	"2"	"5"	"0"	"0"	"0"	"0"		
"TCASHITEMCABINETTABLE_temp"	"4"	"bLevel"	"tinyint"	"1"	"3"	"0"	"0"	"0"	"0"		
"TCASHITEMCABINETTABLE_temp"	"5"	"bCount"	"tinyint"	"1"	"3"	"0"	"0"	"0"	"0"		
"TCASHITEMCABINETTABLE_temp"	"6"	"bGLevel"	"tinyint"	"1"	"3"	"0"	"0"	"0"	"0"		
"TCASHITEMCABINETTABLE_temp"	"7"	"dwDuraMax"	"int"	"4"	"10"	"0"	"0"	"0"	"0"		
"TCASHITEMCABINETTABLE_temp"	"8"	"dwDuraCur"	"int"	"4"	"10"	"0"	"0"	"0"	"0"		
"TCASHITEMCABINETTABLE_temp"	"9"	"bRefineCur"	"tinyint"	"1"	"3"	"0"	"0"	"0"	"0"		
"TCASHITEMCABINETTABLE_temp"	"10"	"dEndTime"	"smalldatetime"	"4"	"16"	"0"	"0"	"0"	"0"		
"TCASHITEMCABINETTABLE_temp"	"11"	"bGradeEffect"	"tinyint"	"1"	"3"	"0"	"0"	"0"	"0"		
"TCASHITEMCABINETTABLE_temp"	"12"	"bMagic1"	"tinyint"	"1"	"3"	"0"	"0"	"0"	"0"		
"TCASHITEMCABINETTABLE_temp"	"13"	"bMagic2"	"tinyint"	"1"	"3"	"0"	"0"	"0"	"0"		
"TCASHITEMCABINETTABLE_temp"	"14"	"bMagic3"	"tinyint"	"1"	"3"	"0"	"0"	"0"	"0"		
"TCASHITEMCABINETTABLE_temp"	"15"	"bMagic4"	"tinyint"	"1"	"3"	"0"	"0"	"0"	"0"		
"TCASHITEMCABINETTABLE_temp"	"16"	"bMagic5"	"tinyint"	"1"	"3"	"0"	"0"	"0"	"0"		
"TCASHITEMCABINETTABLE_temp"	"17"	"bMagic6"	"tinyint"	"1"	"3"	"0"	"0"	"0"	"0"		
"TCASHITEMCABINETTABLE_temp"	"18"	"wValue1"	"smallint"	"2"	"5"	"0"	"0"	"0"	"0"		
"TCASHITEMCABINETTABLE_temp"	"19"	"wValue2"	"smallint"	"2"	"5"	"0"	"0"	"0"	"0"		
"TCASHITEMCABINETTABLE_temp"	"20"	"wValue3"	"smallint"	"2"	"5"	"0"	"0"	"0"	"0"		
"TCASHITEMCABINETTABLE_temp"	"21"	"wValue4"	"smallint"	"2"	"5"	"0"	"0"	"0"	"0"		
"TCASHITEMCABINETTABLE_temp"	"22"	"wValue5"	"smallint"	"2"	"5"	"0"	"0"	"0"	"0"		
"TCASHITEMCABINETTABLE_temp"	"23"	"wValue6"	"smallint"	"2"	"5"	"0"	"0"	"0"	"0"		
"TCASHITEMCABINETTABLE_temp"	"24"	"dwTime1"	"int"	"4"	"10"	"0"	"0"	"0"	"0"		
"TCASHITEMCABINETTABLE_temp"	"25"	"dwTime2"	"int"	"4"	"10"	"0"	"0"	"0"	"0"		
"TCASHITEMCABINETTABLE_temp"	"26"	"dwTime3"	"int"	"4"	"10"	"0"	"0"	"0"	"0"		
"TCASHITEMCABINETTABLE_temp"	"27"	"dwTime4"	"int"	"4"	"10"	"0"	"0"	"0"	"0"		
"TCASHITEMCABINETTABLE_temp"	"28"	"dwTime5"	"int"	"4"	"10"	"0"	"0"	"0"	"0"		
"TCASHITEMCABINETTABLE_temp"	"29"	"dwTime6"	"int"	"4"	"10"	"0"	"0"	"0"	"0"		
"TCASHITEMCABINETTABLE_temp"	"30"	"bWorldID"	"smallint"	"2"	"5"	"0"	"0"	"0"	"0"		
"TCASHITEMCABINETTABLE_temp"	"31"	"dlID"	"bigint"	"8"	"19"	"0"	"0"	"0"	"0"		
"TCASHITEMINFOCHART"	"1"	"wCashItemID"	"smallint"	"2"	"5"	"0"	"0"	"0"	"1"	"PK_TCASHITEMINFOCHART"	
"TCASHITEMINFOCHART"	"2"	"szName"	"varchar"	"50"	"0"	"0"	"0"	"0"	"0"	"PK_TCASHITEMINFOCHART"	"('')"
"TCASHITEMINFOCHART"	"3"	"szUseTime"	"varchar"	"50"	"0"	"0"	"0"	"0"	"0"	"PK_TCASHITEMINFOCHART"	
"TCASHITEMINFOCHART"	"4"	"szExplain"	"varchar"	"500"	"0"	"0"	"0"	"0"	"0"	"PK_TCASHITEMINFOCHART"	
"TCASHITEMINFOCHART"	"5"	"bSellType"	"tinyint"	"1"	"3"	"0"	"0"	"0"	"0"	"PK_TCASHITEMINFOCHART"	
"TCASHITEMPRICETABLE"	"1"	"bPackage"	"tinyint"	"1"	"3"	"0"	"0"	"0"	"0"		
"TCASHITEMPRICETABLE"	"2"	"wItemID"	"smallint"	"2"	"5"	"0"	"0"	"0"	"0"		
"TCASHITEMPRICETABLE"	"3"	"bAmount"	"tinyint"	"1"	"3"	"0"	"0"	"0"	"0"		
"TCASHITEMPRICETABLE"	"4"	"fPrice"	"float"	"8"	"53"	"0"	"0"	"0"	"0"		
"TCASHSHOPITEMCHART"	"1"	"wID"	"smallint"	"2"	"5"	"0"	"0"	"0"	"1"	"PK_TCASHSHOPITEMCHART"	
"TCASHSHOPITEMCHART"	"2"	"szName"	"varchar"	"50"	"0"	"0"	"0"	"0"	"0"	"PK_TCASHSHOPITEMCHART"	
"TCASHSHOPITEMCHART"	"3"	"dwMoney"	"int"	"4"	"10"	"0"	"0"	"0"	"0"	"PK_TCASHSHOPITEMCHART"	
"TCASHSHOPITEMCHART"	"4"	"wItemID"	"smallint"	"2"	"5"	"0"	"0"	"0"	"0"	"PK_TCASHSHOPITEMCHART"	
"TCASHSHOPITEMCHART"	"5"	"wInfoID"	"int"	"4"	"10"	"0"	"0"	"0"	"0"	"PK_TCASHSHOPITEMCHART"	
"TCASHSHOPITEMCHART"	"6"	"bLevel"	"tinyint"	"1"	"3"	"0"	"0"	"0"	"0"	"PK_TCASHSHOPITEMCHART"	
"TCASHSHOPITEMCHART"	"7"	"bCount"	"tinyint"	"1"	"3"	"0"	"0"	"0"	"0"	"PK_TCASHSHOPITEMCHART"	
"TCASHSHOPITEMCHART"	"8"	"bGLevel"	"tinyint"	"1"	"3"	"0"	"0"	"0"	"0"	"PK_TCASHSHOPITEMCHART"	"(0)"
"TCASHSHOPITEMCHART"	"9"	"dwDuraMax"	"int"	"4"	"10"	"0"	"0"	"0"	"0"	"PK_TCASHSHOPITEMCHART"	"(0)"
"TCASHSHOPITEMCHART"	"10"	"dwDuraCur"	"int"	"4"	"10"	"0"	"0"	"0"	"0"	"PK_TCASHSHOPITEMCHART"	"(0)"
"TCASHSHOPITEMCHART"	"11"	"bRefineCur"	"tinyint"	"1"	"3"	"0"	"0"	"0"	"0"	"PK_TCASHSHOPITEMCHART"	"(0)"
"TCASHSHOPITEMCHART"	"12"	"wUseTime"	"smallint"	"2"	"5"	"0"	"0"	"0"	"0"	"PK_TCASHSHOPITEMCHART"	"(0)"
"TCASHSHOPITEMCHART"	"13"	"bGradeEffect"	"tinyint"	"1"	"3"	"0"	"0"	"0"	"0"	"PK_TCASHSHOPITEMCHART"	"(0)"
"TCASHSHOPITEMCHART"	"14"	"bMagic1"	"tinyint"	"1"	"3"	"0"	"0"	"0"	"0"	"PK_TCASHSHOPITEMCHART"	"(0)"
"TCASHSHOPITEMCHART"	"15"	"bMagic2"	"tinyint"	"1"	"3"	"0"	"0"	"0"	"0"	"PK_TCASHSHOPITEMCHART"	"(0)"
"TCASHSHOPITEMCHART"	"16"	"bMagic3"	"tinyint"	"1"	"3"	"0"	"0"	"0"	"0"	"PK_TCASHSHOPITEMCHART"	"(0)"
"TCASHSHOPITEMCHART"	"17"	"bMagic4"	"tinyint"	"1"	"3"	"0"	"0"	"0"	"0"	"PK_TCASHSHOPITEMCHART"	"(0)"
"TCASHSHOPITEMCHART"	"18"	"bMagic5"	"tinyint"	"1"	"3"	"0"	"0"	"0"	"0"	"PK_TCASHSHOPITEMCHART"	"(0)"
"TCASHSHOPITEMCHART"	"19"	"bMagic6"	"tinyint"	"1"	"3"	"0"	"0"	"0"	"0"	"PK_TCASHSHOPITEMCHART"	"(0)"
"TCASHSHOPITEMCHART"	"20"	"wValue1"	"smallint"	"2"	"5"	"0"	"0"	"0"	"0"	"PK_TCASHSHOPITEMCHART"	"(0)"
"TCASHSHOPITEMCHART"	"21"	"wValue2"	"smallint"	"2"	"5"	"0"	"0"	"0"	"0"	"PK_TCASHSHOPITEMCHART"	"(0)"
"TCASHSHOPITEMCHART"	"22"	"wValue3"	"smallint"	"2"	"5"	"0"	"0"	"0"	"0"	"PK_TCASHSHOPITEMCHART"	"(0)"
"TCASHSHOPITEMCHART"	"23"	"wValue4"	"smallint"	"2"	"5"	"0"	"0"	"0"	"0"	"PK_TCASHSHOPITEMCHART"	"(0)"
"TCASHSHOPITEMCHART"	"24"	"wValue5"	"smallint"	"2"	"5"	"0"	"0"	"0"	"0"	"PK_TCASHSHOPITEMCHART"	"(0)"
"TCASHSHOPITEMCHART"	"25"	"wValue6"	"smallint"	"2"	"5"	"0"	"0"	"0"	"0"	"PK_TCASHSHOPITEMCHART"	"(0)"
"TCASHSHOPITEMCHART"	"26"	"dwTime1"	"int"	"4"	"10"	"0"	"0"	"0"	"0"	"PK_TCASHSHOPITEMCHART"	"(0)"
"TCASHSHOPITEMCHART"	"27"	"dwTime2"	"int"	"4"	"10"	"0"	"0"	"0"	"0"	"PK_TCASHSHOPITEMCHART"	"(0)"
"TCASHSHOPITEMCHART"	"28"	"dwTime3"	"int"	"4"	"10"	"0"	"0"	"0"	"0"	"PK_TCASHSHOPITEMCHART"	"(0)"
"TCASHSHOPITEMCHART"	"29"	"dwTime4"	"int"	"4"	"10"	"0"	"0"	"0"	"0"	"PK_TCASHSHOPITEMCHART"	"(0)"
"TCASHSHOPITEMCHART"	"30"	"dwTime5"	"int"	"4"	"10"	"0"	"0"	"0"	"0"	"PK_TCASHSHOPITEMCHART"	"(0)"
"TCASHSHOPITEMCHART"	"31"	"dwTime6"	"int"	"4"	"10"	"0"	"0"	"0"	"0"	"PK_TCASHSHOPITEMCHART"	"(0)"
"TCASHSHOPITEMCHART"	"32"	"bCanSell"	"tinyint"	"1"	"3"	"0"	"0"	"0"	"0"	"PK_TCASHSHOPITEMCHART"	
"TCASHSHOPITEMCHART"	"33"	"bCategory"	"tinyint"	"1"	"3"	"0"	"0"	"0"	"0"	"PK_TCASHSHOPITEMCHART"	"(0)"
"TCASHSHOPITEMCHART"	"34"	"bKind"	"tinyint"	"1"	"3"	"0"	"0"	"0"	"0"	"PK_TCASHSHOPITEMCHART"	"(0)"
"TCASHSHOPITEMCHART"	"35"	"wOrder"	"smallint"	"2"	"5"	"0"	"0"	"0"	"0"	"PK_TCASHSHOPITEMCHART"	"(0)"
"TCASHSHOPITEMCHART"	"36"	"bSaleValue"	"tinyint"	"1"	"3"	"0"	"0"	"0"	"0"	"PK_TCASHSHOPITEMCHART"	"(0)"
"TCASHSHOPITEMCHART"	"37"	"dwQuantity"	"int"	"4"	"10"	"0"	"0"	"0"	"0"	"PK_TCASHSHOPITEMCHART"	"(0)"
"TCASHSHOPITEMCHART"	"38"	"wIconID"	"smallint"	"2"	"5"	"0"	"1"	"0"	"0"	"PK_TCASHSHOPITEMCHART"	
"TCASHSHOPITEMCHART"	"39"	"bLimitedType"	"tinyint"	"1"	"3"	"0"	"1"	"0"	"0"	"PK_TCASHSHOPITEMCHART"	
"TCASHSHOPITEMCHART"	"40"	"dLimitedEnd"	"smalldatetime"	"4"	"16"	"0"	"1"	"0"	"0"	"PK_TCASHSHOPITEMCHART"	
"TCASHSHOPITEMCHART"	"41"	"bItemCountry"	"tinyint"	"1"	"3"	"0"	"1"	"0"	"0"	"PK_TCASHSHOPITEMCHART"	
"TCASHSHOPITEMCHART"	"42"	"dwClassID"	"int"	"4"	"10"	"0"	"1"	"0"	"0"	"PK_TCASHSHOPITEMCHART"	
"TCASHTESTTABLE"	"1"	"dwUserID"	"int"	"4"	"10"	"0"	"0"	"0"	"1"	"PK__TCASHTESTTABLE__1F4E99FE"	
"TCASHTESTTABLE"	"2"	"dwCash"	"int"	"4"	"10"	"0"	"0"	"0"	"0"	"PK__TCASHTESTTABLE__1F4E99FE"	
"TCASHTESTTABLE"	"3"	"dwBonus"	"int"	"4"	"10"	"0"	"0"	"0"	"0"	"PK__TCASHTESTTABLE__1F4E99FE"	
"TCASHTESTTABLE"	"4"	"isPosted"	"datetime"	"8"	"23"	"3"	"1"	"0"	"0"	"PK__TCASHTESTTABLE__1F4E99FE"	
"TCASHTESTTABLE"	"5"	"byWho"	"text"	"16"	"0"	"0"	"1"	"0"	"0"	"PK__TCASHTESTTABLE__1F4E99FE"	
"TCHANNEL"	"1"	"bGroupID"	"tinyint"	"1"	"3"	"0"	"0"	"0"	"1"	"PK__TCHANNEL__B2A02D6376177A41"	
"TCHANNEL"	"2"	"bChannel"	"tinyint"	"1"	"3"	"0"	"0"	"0"	"1"	"PK__TCHANNEL__B2A02D6376177A41"	
"TCHANNEL"	"3"	"szNAME"	"varchar"	"50"	"0"	"0"	"0"	"0"	"0"	"PK__TCHANNEL__B2A02D6376177A41"	
"TCHANNEL"	"4"	"wFull"	"smallint"	"2"	"5"	"0"	"0"	"0"	"0"	"PK__TCHANNEL__B2A02D6376177A41"	"((5000))"
"TCHANNEL"	"5"	"wBusy"	"smallint"	"2"	"5"	"0"	"0"	"0"	"0"	"PK__TCHANNEL__B2A02D6376177A41"	"((500))"
"TCHANNEL"	"6"	"bStatus"	"tinyint"	"1"	"3"	"0"	"0"	"0"	"0"	"PK__TCHANNEL__B2A02D6376177A41"	"((0))"
"TCURRENTUSER"	"1"	"dwKEY"	"int"	"4"	"10"	"0"	"0"	"1"	"1"	"PK__TCURRENT__8B5BDC2F4A38F803"	
"TCURRENTUSER"	"2"	"dwUserID"	"int"	"4"	"10"	"0"	"0"	"0"	"0"	"PK__TCURRENT__8B5BDC2F4A38F803"	
"TCURRENTUSER"	"3"	"dwCharID"	"int"	"4"	"10"	"0"	"0"	"0"	"0"	"PK__TCURRENT__8B5BDC2F4A38F803"	
"TCURRENTUSER"	"4"	"bGroupID"	"tinyint"	"1"	"3"	"0"	"0"	"0"	"0"	"PK__TCURRENT__8B5BDC2F4A38F803"	
"TCURRENTUSER"	"5"	"bChannel"	"tinyint"	"1"	"3"	"0"	"0"	"0"	"0"	"PK__TCURRENT__8B5BDC2F4A38F803"	
"TCURRENTUSER"	"6"	"szIPAddr"	"varchar"	"50"	"0"	"0"	"1"	"0"	"0"	"PK__TCURRENT__8B5BDC2F4A38F803"	
"TCURRENTUSER"	"7"	"wPort"	"smallint"	"2"	"5"	"0"	"0"	"0"	"0"	"PK__TCURRENT__8B5BDC2F4A38F803"	
"TCURRENTUSER"	"8"	"bLocked"	"tinyint"	"1"	"3"	"0"	"0"	"0"	"0"	"PK__TCURRENT__8B5BDC2F4A38F803"	
"TCURRENTUSER"	"9"	"dLoginDate"	"datetime"	"8"	"23"	"3"	"0"	"0"	"0"	"PK__TCURRENT__8B5BDC2F4A38F803"	"(getdate())"
"TCURRENTUSER"	"10"	"dEnterDate"	"datetime"	"8"	"23"	"3"	"0"	"0"	"0"	"PK__TCURRENT__8B5BDC2F4A38F803"	"(getdate())"
"TCURRENTUSER"	"11"	"dwPcBangID"	"int"	"4"	"10"	"0"	"0"	"0"	"0"	"PK__TCURRENT__8B5BDC2F4A38F803"	"((0))"
"TCURRENTUSER"	"12"	"bLuckyNumber"	"tinyint"	"1"	"3"	"0"	"0"	"0"	"0"	"PK__TCURRENT__8B5BDC2F4A38F803"	"((0))"
"TCURRENTUSER"	"13"	"szLoginIP"	"varchar"	"50"	"0"	"0"	"0"	"0"	"0"	"PK__TCURRENT__8B5BDC2F4A38F803"	
"TDURINGITEMTABLE"	"1"	"dwUserID"	"int"	"4"	"10"	"0"	"0"	"0"	"1"	"PK_TDURINGITEMTABLE"	
"TDURINGITEMTABLE"	"2"	"wItemID"	"smallint"	"2"	"5"	"0"	"0"	"0"	"1"	"PK_TDURINGITEMTABLE"	
"TDURINGITEMTABLE"	"3"	"bType"	"tinyint"	"1"	"3"	"0"	"0"	"0"	"0"	"PK_TDURINGITEMTABLE"	
"TDURINGITEMTABLE"	"4"	"dwRemainTime"	"int"	"4"	"10"	"0"	"0"	"0"	"0"	"PK_TDURINGITEMTABLE"	
"TDURINGITEMTABLE"	"5"	"dEndTime"	"smalldatetime"	"4"	"16"	"0"	"0"	"0"	"0"	"PK_TDURINGITEMTABLE"	
"TempEvent"	"1"	"dwUserID"	"int"	"4"	"10"	"0"	"1"	"0"	"0"		
"TempEvent"	"2"	"CheckDate"	"smalldatetime"	"4"	"16"	"0"	"1"	"0"	"0"		
"TempEvent"	"3"	"dwPlayTime"	"int"	"4"	"10"	"0"	"1"	"0"	"0"		
"TempEvent"	"4"	"timeStart"	"datetime"	"8"	"23"	"3"	"1"	"0"	"0"		
"TempEvent"	"5"	"timeEnd"	"datetime"	"8"	"23"	"3"	"1"	"0"	"0"		
"TEMPUSERID"	"1"	"dwCharID"	"int"	"4"	"10"	"0"	"0"	"0"	"0"		
"TEVENT042501TL"	"2"	"USER010_Serial"	"int"	"4"	"10"	"0"	"0"	"0"	"0"		
"TEVENT042501TL"	"3"	"EVENT042501_Cupon"	"smallint"	"2"	"5"	"0"	"0"	"0"	"0"		
"TEVENTCHART"	"1"	"dwIndex"	"int"	"4"	"10"	"0"	"0"	"0"	"1"	"PK_TEVENTCHART"	
"TEVENTCHART"	"2"	"bID"	"tinyint"	"1"	"3"	"0"	"0"	"0"	"0"	"PK_TEVENTCHART"	
"TEVENTCHART"	"3"	"szTitle"	"varchar"	"256"	"0"	"0"	"0"	"0"	"0"	"PK_TEVENTCHART"	
"TEVENTCHART"	"4"	"bGroupID"	"tinyint"	"1"	"3"	"0"	"0"	"0"	"0"	"PK_TEVENTCHART"	
"TEVENTCHART"	"5"	"bSvrType"	"tinyint"	"1"	"3"	"0"	"0"	"0"	"0"	"PK_TEVENTCHART"	
"TEVENTCHART"	"6"	"bSvrID"	"tinyint"	"1"	"3"	"0"	"0"	"0"	"0"	"PK_TEVENTCHART"	
"TEVENTCHART"	"7"	"dStartDate"	"smalldatetime"	"4"	"16"	"0"	"0"	"0"	"0"	"PK_TEVENTCHART"	
"TEVENTCHART"	"8"	"dEndDate"	"smalldatetime"	"4"	"16"	"0"	"0"	"0"	"0"	"PK_TEVENTCHART"	
"TEVENTCHART"	"9"	"wValue"	"smallint"	"2"	"5"	"0"	"0"	"0"	"0"	"PK_TEVENTCHART"	
"TEVENTCHART"	"10"	"dwStartAlarm"	"int"	"4"	"10"	"0"	"0"	"0"	"0"	"PK_TEVENTCHART"	
"TEVENTCHART"	"11"	"dwEndAlarm"	"int"	"4"	"10"	"0"	"0"	"0"	"0"	"PK_TEVENTCHART"	
"TEVENTCHART"	"12"	"szStartMsg"	"varchar"	"1024"	"0"	"0"	"0"	"0"	"0"	"PK_TEVENTCHART"	
"TEVENTCHART"	"13"	"szEndMsg"	"varchar"	"1024"	"0"	"0"	"0"	"0"	"0"	"PK_TEVENTCHART"	
"TEVENTCHART"	"14"	"szValue"	"varchar"	"1024"	"0"	"0"	"0"	"0"	"0"	"PK_TEVENTCHART"	
"TEVENTCHART"	"15"	"wMapID"	"smallint"	"2"	"5"	"0"	"0"	"0"	"0"	"PK_TEVENTCHART"	"(0)"
"TEVENTCHART"	"16"	"szMidMsg"	"varchar"	"1024"	"0"	"0"	"0"	"0"	"0"	"PK_TEVENTCHART"	"('')"
"TEVENTCHART"	"17"	"bPartTime"	"tinyint"	"1"	"3"	"0"	"0"	"0"	"0"	"PK_TEVENTCHART"	"(0)"
"TEVENTGIVEERROR"	"1"	"bWorld"	"tinyint"	"1"	"3"	"0"	"0"	"0"	"0"		
"TEVENTGIVEERROR"	"2"	"dwCharID"	"int"	"4"	"10"	"0"	"0"	"0"	"0"		
"TEVENTGIVEERROR"	"3"	"wCount"	"smallint"	"2"	"5"	"0"	"0"	"0"	"0"		
"TEVENTHORSE"	"1"	"bWorld"	"tinyint"	"1"	"3"	"0"	"0"	"0"	"0"		
"TEVENTHORSE"	"2"	"dwCharID"	"int"	"4"	"10"	"0"	"0"	"0"	"0"		
"TEVENTHORSE"	"3"	"bCount"	"tinyint"	"1"	"3"	"0"	"0"	"0"	"0"		
"TGROUP"	"1"	"bGroupID"	"tinyint"	"1"	"3"	"0"	"0"	"0"	"1"	"PK_TGROUP"	
"TGROUP"	"2"	"bType"	"tinyint"	"1"	"3"	"0"	"0"	"0"	"0"	"PK_TGROUP"	
"TGROUP"	"3"	"szNAME"	"varchar"	"50"	"0"	"0"	"0"	"0"	"0"	"PK_TGROUP"	
"TGROUP"	"4"	"szDSN"	"varchar"	"50"	"0"	"0"	"0"	"0"	"0"	"PK_TGROUP"	
"TGROUP"	"5"	"szUserID"	"varchar"	"50"	"0"	"0"	"0"	"0"	"0"	"PK_TGROUP"	
"TGROUP"	"6"	"szPasswd"	"varchar"	"255"	"0"	"0"	"1"	"0"	"0"	"PK_TGROUP"	
"TGROUP"	"7"	"wFull"	"smallint"	"2"	"5"	"0"	"0"	"0"	"0"	"PK_TGROUP"	"(5000)"
"TGROUP"	"8"	"wBusy"	"smallint"	"2"	"5"	"0"	"0"	"0"	"0"	"PK_TGROUP"	"(500)"
"TGROUP"	"9"	"dwMaxUser"	"int"	"4"	"10"	"0"	"0"	"0"	"0"	"PK_TGROUP"	"(0)"
"TGROUP"	"10"	"bUseRate"	"tinyint"	"1"	"3"	"0"	"0"	"0"	"0"	"PK_TGROUP"	"(1)"
"TGROUP"	"11"	"bStatus"	"tinyint"	"1"	"3"	"0"	"0"	"0"	"0"	"PK_TGROUP"	"(0)"
"TIPADDR"	"1"	"bMachineID"	"tinyint"	"1"	"3"	"0"	"0"	"0"	"1"	"PK_TIPADDR"	
"TIPADDR"	"2"	"szIPAddr"	"varchar"	"50"	"0"	"0"	"0"	"0"	"1"	"PK_TIPADDR"	
"TIPADDR"	"3"	"szPriAddr"	"varchar"	"50"	"0"	"0"	"0"	"0"	"0"	"PK_TIPADDR"	"('')"
"TIPADDR"	"4"	"bActive"	"tinyint"	"1"	"3"	"0"	"0"	"0"	"0"	"PK_TIPADDR"	
"TIPAUTHORITY"	"1"	"szIP"	"varchar"	"50"	"0"	"0"	"0"	"0"	"1"	"PK_TIPAUTHORITY"	
"TIPAUTHORITY"	"2"	"bAuthority"	"tinyint"	"1"	"3"	"0"	"0"	"0"	"0"	"PK_TIPAUTHORITY"	
"TITEMCHART"	"1"	"wItemID"	"smallint"	"2"	"5"	"0"	"0"	"0"	"0"		
"TITEMCHART"	"2"	"bType"	"tinyint"	"1"	"3"	"0"	"0"	"0"	"0"		
"TITEMCHART"	"3"	"bKind"	"tinyint"	"1"	"3"	"0"	"0"	"0"	"0"		
"TITEMCHART"	"4"	"szNAME"	"varchar"	"50"	"0"	"0"	"0"	"0"	"0"		
"TITEMCHART"	"5"	"wAttrID"	"smallint"	"2"	"5"	"0"	"0"	"0"	"0"		
"TITEMCHART"	"6"	"wUseValue"	"smallint"	"2"	"5"	"0"	"0"	"0"	"0"		
"TITEMCHART"	"7"	"dwSlotID"	"int"	"4"	"10"	"0"	"0"	"0"	"0"		
"TITEMCHART"	"8"	"dwClassID"	"int"	"4"	"10"	"0"	"0"	"0"	"0"		
"TITEMCHART"	"9"	"bPrmSlotID"	"tinyint"	"1"	"3"	"0"	"0"	"0"	"0"		
"TITEMCHART"	"10"	"bSubSlotID"	"tinyint"	"1"	"3"	"0"	"0"	"0"	"0"		
"TITEMCHART"	"11"	"bLevel"	"tinyint"	"1"	"3"	"0"	"0"	"0"	"0"		
"TITEMCHART"	"12"	"fPrice"	"float"	"8"	"53"	"0"	"0"	"0"	"0"		
"TITEMCHART"	"13"	"bIsSell"	"tinyint"	"1"	"3"	"0"	"0"	"0"	"0"		
"TITEMCHART"	"14"	"bMinRange"	"tinyint"	"1"	"3"	"0"	"0"	"0"	"0"		
"TITEMCHART"	"15"	"bMaxRange"	"tinyint"	"1"	"3"	"0"	"0"	"0"	"0"		
"TITEMCHART"	"16"	"bStack"	"tinyint"	"1"	"3"	"0"	"0"	"0"	"0"		
"TITEMCHART"	"17"	"bEquipSkill"	"tinyint"	"1"	"3"	"0"	"0"	"0"	"0"		
"TITEMCHART"	"18"	"bSlotCount"	"tinyint"	"1"	"3"	"0"	"0"	"0"	"0"		
"TITEMCHART"	"19"	"bUseItemKind"	"tinyint"	"1"	"3"	"0"	"0"	"0"	"0"		
"TITEMCHART"	"20"	"bUseItemCount"	"tinyint"	"1"	"3"	"0"	"0"	"0"	"0"		
"TITEMCHART"	"21"	"bGrade"	"tinyint"	"1"	"3"	"0"	"0"	"0"	"0"		
"TITEMCHART"	"22"	"wUseTime"	"smallint"	"2"	"5"	"0"	"0"	"0"	"0"		
"TITEMCHART"	"23"	"bUseType"	"tinyint"	"1"	"3"	"0"	"0"	"0"	"0"		
"TITEMCHART"	"24"	"bCanGrade"	"tinyint"	"1"	"3"	"0"	"0"	"0"	"0"		
"TITEMCHART"	"25"	"bCanMagic"	"tinyint"	"1"	"3"	"0"	"0"	"0"	"0"		
"TITEMCHART"	"26"	"bCanRare"	"tinyint"	"1"	"3"	"0"	"0"	"0"	"0"		
"TITEMCHART"	"27"	"bDropLevel"	"tinyint"	"1"	"3"	"0"	"0"	"0"	"0"		
"TITEMCHART"	"28"	"dwSpeedInc"	"int"	"4"	"10"	"0"	"0"	"0"	"0"		
"TITEMCHART"	"29"	"bItemCountry"	"tinyint"	"1"	"3"	"0"	"0"	"0"	"0"		
"TITEMCHART"	"30"	"bIsSpecial"	"tinyint"	"1"	"3"	"0"	"0"	"0"	"0"		
"TITEMCHART"	"31"	"dwDelay"	"int"	"4"	"10"	"0"	"0"	"0"	"0"		
"TITEMCHART"	"32"	"fRevision"	"float"	"8"	"53"	"0"	"0"	"0"	"0"		
"TITEMCHART"	"33"	"fMRevision"	"float"	"8"	"53"	"0"	"0"	"0"	"0"		
"TITEMCHART"	"34"	"fAtRate"	"float"	"8"	"53"	"0"	"0"	"0"	"0"		
"TITEMCHART"	"35"	"fMAtRate"	"float"	"8"	"53"	"0"	"0"	"0"	"0"		
"TITEMCHART"	"36"	"bCanGamble"	"tinyint"	"1"	"3"	"0"	"0"	"0"	"0"		
"TITEMCHART"	"37"	"wItemProb_G"	"smallint"	"2"	"5"	"0"	"0"	"0"	"0"		
"TITEMCHART"	"38"	"bDestroyProb"	"tinyint"	"1"	"3"	"0"	"0"	"0"	"0"		
"TITEMCHART"	"39"	"bGambleProb"	"tinyint"	"1"	"3"	"0"	"0"	"0"	"0"		
"TITEMCHART"	"40"	"dwDuraMax"	"int"	"4"	"10"	"0"	"0"	"0"	"0"		
"TITEMCHART"	"41"	"bRefineMax"	"tinyint"	"1"	"3"	"0"	"0"	"0"	"0"		
"TITEMCHART"	"42"	"bCanRepair"	"tinyint"	"1"	"3"	"0"	"0"	"0"	"0"		
"TITEMCHART"	"43"	"wDelayGroupID"	"smallint"	"2"	"5"	"0"	"0"	"0"	"0"		
"TITEMCHART"	"44"	"bCanColor"	"tinyint"	"1"	"3"	"0"	"0"	"0"	"0"		"(0)"
"TKEEPINGNAME"	"1"	"dwSeq"	"int"	"4"	"10"	"0"	"0"	"1"	"0"		
"TKEEPINGNAME"	"2"	"szName"	"nvarchar"	"100"	"0"	"0"	"0"	"0"	"0"		
"TLIMITEDLEVELCHART"	"1"	"bMaxLevel"	"tinyint"	"1"	"3"	"0"	"0"	"0"	"0"		
"TLIMITEDLEVELCHART"	"2"	"bNation"	"tinyint"	"1"	"3"	"0"	"0"	"0"	"0"		"(0)"
"TLOG"	"1"	"dwKEY"	"int"	"4"	"10"	"0"	"0"	"0"	"1"	"PK_TLOG"	
"TLOG"	"2"	"dwUserID"	"int"	"4"	"10"	"0"	"0"	"0"	"0"	"PK_TLOG"	
"TLOG"	"3"	"dwCharID"	"int"	"4"	"10"	"0"	"0"	"0"	"0"	"PK_TLOG"	
"TLOG"	"4"	"bGroupID"	"tinyint"	"1"	"3"	"0"	"0"	"0"	"0"	"PK_TLOG"	
"TLOG"	"5"	"bChannel"	"tinyint"	"1"	"3"	"0"	"0"	"0"	"0"	"PK_TLOG"	
"TLOG"	"6"	"timeLOGIN"	"smalldatetime"	"4"	"16"	"0"	"0"	"0"	"0"	"PK_TLOG"	
"TLOG"	"7"	"timeLOGOUT"	"smalldatetime"	"4"	"16"	"0"	"0"	"0"	"0"	"PK_TLOG"	
"TLogTest"	"1"	"dwID"	"int"	"4"	"10"	"0"	"0"	"1"	"1"	"PK__TLogTest__222B06A9"	
"TLogTest"	"2"	"szLOG"	"varchar"	"255"	"0"	"0"	"1"	"0"	"0"	"PK__TLogTest__222B06A9"	
"TMACHINE"	"1"	"bMachineID"	"tinyint"	"1"	"3"	"0"	"0"	"0"	"1"	"PK_TMACHINE"	
"TMACHINE"	"2"	"szNAME"	"varchar"	"50"	"0"	"0"	"0"	"0"	"0"	"PK_TMACHINE"	
"TMACHINE"	"3"	"bRouteID"	"tinyint"	"1"	"3"	"0"	"0"	"0"	"0"	"PK_TMACHINE"	
"TMANAGER"	"1"	"szID"	"varchar"	"50"	"0"	"0"	"0"	"0"	"1"	"PK__TMANAGER__1E5A75C5"	
"TMANAGER"	"2"	"szPasswd"	"varchar"	"50"	"0"	"0"	"0"	"0"	"0"	"PK__TMANAGER__1E5A75C5"	
"TMANAGER"	"3"	"bOPAuthority"	"tinyint"	"1"	"3"	"0"	"0"	"0"	"0"	"PK__TMANAGER__1E5A75C5"	"(1)"
"TMANAGER"	"4"	"bAuthority"	"tinyint"	"1"	"3"	"0"	"0"	"0"	"0"	"PK__TMANAGER__1E5A75C5"	
"TMANAGER"	"5"	"szName"	"varchar"	"50"	"0"	"0"	"1"	"0"	"0"	"PK__TMANAGER__1E5A75C5"	
"TMANAGER"	"6"	"szPhoneNum"	"varchar"	"50"	"0"	"0"	"1"	"0"	"0"	"PK__TMANAGER__1E5A75C5"	
"TMANAGER"	"7"	"szOpratorCharID"	"varchar"	"50"	"0"	"0"	"1"	"0"	"0"	"PK__TMANAGER__1E5A75C5"	
"TMANAGER"	"8"	"dCreateDate"	"smalldatetime"	"4"	"16"	"0"	"1"	"0"	"0"	"PK__TMANAGER__1E5A75C5"	
"TMANAGERLOG"	"1"	"dwSeq"	"int"	"4"	"10"	"0"	"0"	"1"	"1"	"PK__TMANAGERLOG__2042BE37"	
"TMANAGERLOG"	"2"	"dDate"	"datetime"	"8"	"23"	"3"	"0"	"0"	"0"	"PK__TMANAGERLOG__2042BE37"	"(getdate())"
"TMANAGERLOG"	"3"	"szIP"	"varchar"	"15"	"0"	"0"	"0"	"0"	"0"	"PK__TMANAGERLOG__2042BE37"	
"TMANAGERLOG"	"4"	"szGMID"	"varchar"	"15"	"0"	"0"	"0"	"0"	"0"	"PK__TMANAGERLOG__2042BE37"	
"TMANAGERLOG"	"5"	"szCommand"	"varchar"	"20"	"0"	"0"	"0"	"0"	"0"	"PK__TMANAGERLOG__2042BE37"	
"TMANAGERLOG"	"6"	"szLog"	"nvarchar"	"8000"	"0"	"0"	"0"	"0"	"0"	"PK__TMANAGERLOG__2042BE37"	
"TMONSTERCHART"	"1"	"wID"	"smallint"	"2"	"5"	"0"	"0"	"0"	"0"		
"TMONSTERCHART"	"2"	"szName"	"varchar"	"50"	"0"	"0"	"0"	"0"	"0"		
"TMONSTERCHART"	"3"	"bRace"	"tinyint"	"1"	"3"	"0"	"0"	"0"	"0"		
"TMONSTERCHART"	"4"	"bClass"	"tinyint"	"1"	"3"	"0"	"0"	"0"	"0"		
"TMONSTERCHART"	"5"	"wKind"	"smallint"	"2"	"5"	"0"	"0"	"0"	"0"		
"TMONSTERCHART"	"6"	"bLevel"	"tinyint"	"1"	"3"	"0"	"0"	"0"	"0"		
"TMONSTERCHART"	"7"	"bAIType"	"tinyint"	"1"	"3"	"0"	"0"	"0"	"0"		
"TMONSTERCHART"	"8"	"bRange"	"tinyint"	"1"	"3"	"0"	"0"	"0"	"0"		
"TMONSTERCHART"	"9"	"wChaseRange"	"smallint"	"2"	"5"	"0"	"0"	"0"	"0"		
"TMONSTERCHART"	"10"	"bRoamProb"	"tinyint"	"1"	"3"	"0"	"0"	"0"	"0"		
"TMONSTERCHART"	"11"	"bMoneyProb"	"tinyint"	"1"	"3"	"0"	"0"	"0"	"0"		
"TMONSTERCHART"	"12"	"dwMinMoney"	"int"	"4"	"10"	"0"	"0"	"0"	"0"		
"TMONSTERCHART"	"13"	"dwMaxMoney"	"int"	"4"	"10"	"0"	"0"	"0"	"0"		
"TMONSTERCHART"	"14"	"bItemProb"	"tinyint"	"1"	"3"	"0"	"0"	"0"	"0"		
"TMONSTERCHART"	"15"	"bDropCount"	"tinyint"	"1"	"3"	"0"	"0"	"0"	"0"		
"TMONSTERCHART"	"16"	"wExp"	"smallint"	"2"	"5"	"0"	"0"	"0"	"0"		
"TMONSTERCHART"	"17"	"bIsSelf"	"tinyint"	"1"	"3"	"0"	"0"	"0"	"0"		
"TMONSTERCHART"	"18"	"bRecallType"	"tinyint"	"1"	"3"	"0"	"0"	"0"	"0"		
"TMONSTERCHART"	"19"	"bCanSelect"	"tinyint"	"1"	"3"	"0"	"0"	"0"	"0"		
"TMONSTERCHART"	"20"	"bCanAttack"	"tinyint"	"1"	"3"	"0"	"0"	"0"	"0"		
"TMONSTERCHART"	"21"	"bTame"	"tinyint"	"1"	"3"	"0"	"0"	"0"	"0"		
"TMONSTERCHART"	"22"	"bCall"	"tinyint"	"1"	"3"	"0"	"0"	"0"	"0"		
"TMONSTERCHART"	"23"	"bIsSpecial"	"tinyint"	"1"	"3"	"0"	"0"	"0"	"0"		
"TMONSTERCHART"	"24"	"bRemove"	"tinyint"	"1"	"3"	"0"	"0"	"0"	"0"		
"TMONSTERCHART"	"25"	"wMonAttr"	"smallint"	"2"	"5"	"0"	"0"	"0"	"0"		
"TMONSTERCHART"	"26"	"wSummonAttr"	"smallint"	"2"	"5"	"0"	"0"	"0"	"0"		
"TMONSTERCHART"	"27"	"wTransSkillID"	"smallint"	"2"	"5"	"0"	"0"	"0"	"0"		
"TMONSTERCHART"	"28"	"fSize"	"float"	"8"	"53"	"0"	"0"	"0"	"0"		
"TMONSTERCHART"	"29"	"wSkill1"	"smallint"	"2"	"5"	"0"	"0"	"0"	"0"		
"TMONSTERCHART"	"30"	"wSkill2"	"smallint"	"2"	"5"	"0"	"0"	"0"	"0"		
"TMONSTERCHART"	"31"	"wSkill3"	"smallint"	"2"	"5"	"0"	"0"	"0"	"0"		
"TMONSTERCHART"	"32"	"wSkill4"	"smallint"	"2"	"5"	"0"	"0"	"0"	"0"		
"TNETWORK"	"1"	"bMachineID"	"tinyint"	"1"	"3"	"0"	"0"	"0"	"1"	"PK_TNETWORK"	
"TNETWORK"	"2"	"szNetwork"	"varchar"	"50"	"0"	"0"	"0"	"0"	"0"	"PK_TNETWORK"	
"TPCBANGMASTERTABLE"	"1"	"dwPcBangID"	"int"	"4"	"10"	"0"	"0"	"0"	"1"	"PK_TPCBANGMASTERTABLE"	
"TPCBANGMASTERTABLE"	"2"	"dwUserID"	"int"	"4"	"10"	"0"	"0"	"0"	"0"	"PK_TPCBANGMASTERTABLE"	
"TPCBANGMASTERTABLE"	"3"	"dWorld1"	"smalldatetime"	"4"	"16"	"0"	"1"	"0"	"0"	"PK_TPCBANGMASTERTABLE"	
"TPCBANGMASTERTABLE"	"4"	"dWorld2"	"smalldatetime"	"4"	"16"	"0"	"1"	"0"	"0"	"PK_TPCBANGMASTERTABLE"	
"TPCBANGMASTERTABLE"	"5"	"dWorld3"	"smalldatetime"	"4"	"16"	"0"	"1"	"0"	"0"	"PK_TPCBANGMASTERTABLE"	
"TPCBANGMASTERTABLE"	"6"	"dWorld4"	"smalldatetime"	"4"	"16"	"0"	"1"	"0"	"0"	"PK_TPCBANGMASTERTABLE"	
"TPCBANGPLAYTABLE"	"1"	"dwUserID"	"int"	"4"	"10"	"0"	"0"	"0"	"1"	"PK_TPCBANGPLAYTABLE"	
"TPCBANGPLAYTABLE"	"2"	"dwPlayDate"	"int"	"4"	"10"	"0"	"0"	"0"	"1"	"PK_TPCBANGPLAYTABLE"	
"TPCBANGPLAYTABLE"	"3"	"dwPlayTime"	"int"	"4"	"10"	"0"	"0"	"0"	"0"	"PK_TPCBANGPLAYTABLE"	
"TPCBANGPLAYTABLE"	"4"	"bItemCnt"	"tinyint"	"1"	"3"	"0"	"0"	"0"	"0"	"PK_TPCBANGPLAYTABLE"	"(0)"
"TPREVERSION"	"1"	"dwBetaVer"	"int"	"4"	"10"	"0"	"0"	"0"	"1"	"PK__TPREVERSION__24134F1B"	
"TPREVERSION"	"2"	"szPath"	"varchar"	"260"	"0"	"0"	"0"	"0"	"0"	"PK__TPREVERSION__24134F1B"	
"TPREVERSION"	"3"	"szName"	"varchar"	"260"	"0"	"0"	"0"	"0"	"0"	"PK__TPREVERSION__24134F1B"	
"TPREVERSION"	"4"	"dwSize"	"int"	"4"	"10"	"0"	"0"	"0"	"0"	"PK__TPREVERSION__24134F1B"	
"TREGIONCHART"	"1"	"dwID"	"int"	"4"	"10"	"0"	"0"	"0"	"1"	"PK_TREGIONCHART"	
"TREGIONCHART"	"2"	"szName"	"varchar"	"50"	"0"	"0"	"0"	"0"	"0"	"PK_TREGIONCHART"	
"TREGIONCHART"	"3"	"wCountryID"	"smallint"	"2"	"5"	"0"	"0"	"0"	"0"	"PK_TREGIONCHART"	
"TREGIONCHART"	"4"	"bCanfly"	"tinyint"	"1"	"3"	"0"	"0"	"0"	"0"	"PK_TREGIONCHART"	
"TREGIONCHART"	"5"	"bLocal"	"tinyint"	"1"	"3"	"0"	"0"	"0"	"0"	"PK_TREGIONCHART"	
"TREGIONCHART"	"6"	"fDPosX"	"float"	"8"	"53"	"0"	"0"	"0"	"0"	"PK_TREGIONCHART"	
"TREGIONCHART"	"7"	"fDPosY"	"float"	"8"	"53"	"0"	"0"	"0"	"0"	"PK_TREGIONCHART"	
"TREGIONCHART"	"8"	"fDPosZ"	"float"	"8"	"53"	"0"	"0"	"0"	"0"	"PK_TREGIONCHART"	
"TREGIONCHART"	"9"	"fCPosX"	"float"	"8"	"53"	"0"	"0"	"0"	"0"	"PK_TREGIONCHART"	
"TREGIONCHART"	"10"	"fCPosY"	"float"	"8"	"53"	"0"	"0"	"0"	"0"	"PK_TREGIONCHART"	
"TREGIONCHART"	"11"	"fCPosZ"	"float"	"8"	"53"	"0"	"0"	"0"	"0"	"PK_TREGIONCHART"	
"TREGIONCHART"	"12"	"fBPosX"	"float"	"8"	"53"	"0"	"0"	"0"	"0"	"PK_TREGIONCHART"	
"TREGIONCHART"	"13"	"fBPosY"	"float"	"8"	"53"	"0"	"0"	"0"	"0"	"PK_TREGIONCHART"	
"TREGIONCHART"	"14"	"fBPosZ"	"float"	"8"	"53"	"0"	"0"	"0"	"0"	"PK_TREGIONCHART"	
"TREGIONCHART"	"15"	"bCanMail"	"tinyint"	"1"	"3"	"0"	"0"	"0"	"0"	"PK_TREGIONCHART"	
"TRESERVEDNAME"	"1"	"dwSeq"	"int"	"4"	"10"	"0"	"0"	"1"	"0"	"PK_TRESERVEDNAME"	
"TRESERVEDNAME"	"2"	"dwUserID"	"int"	"4"	"10"	"0"	"0"	"0"	"0"	"PK_TRESERVEDNAME"	
"TRESERVEDNAME"	"3"	"szName"	"varchar"	"50"	"0"	"0"	"0"	"0"	"1"	"PK_TRESERVEDNAME"	
"TSECURECODE"	"1"	"strSecurityCode"	"varchar"	"55"	"0"	"0"	"1"	"0"	"0"		
"TSECURECODE"	"2"	"bEnabled"	"int"	"4"	"10"	"0"	"1"	"0"	"0"		
"TSECURECODE"	"3"	"bTries"	"int"	"4"	"10"	"0"	"1"	"0"	"0"		
"TSECURECODE"	"4"	"iLockTick"	"int"	"4"	"10"	"0"	"1"	"0"	"0"		
"TSECURECODE"	"5"	"dwUserID"	"int"	"4"	"10"	"0"	"1"	"0"	"0"		
"TSERVER"	"1"	"bGroupID"	"tinyint"	"1"	"3"	"0"	"0"	"0"	"0"		
"TSERVER"	"2"	"bServerID"	"tinyint"	"1"	"3"	"0"	"0"	"0"	"0"		
"TSERVER"	"3"	"bType"	"tinyint"	"1"	"3"	"0"	"0"	"0"	"0"		
"TSERVER"	"4"	"bMachineID"	"tinyint"	"1"	"3"	"0"	"0"	"0"	"0"		
"TSERVER"	"5"	"wPort"	"smallint"	"2"	"5"	"0"	"0"	"0"	"0"		
"TSERVER"	"6"	"szName"	"varchar"	"50"	"0"	"0"	"0"	"0"	"0"		"('')"
"TSMSTABLE"	"1"	"dwSeq"	"int"	"4"	"10"	"0"	"0"	"1"	"0"		
"TSMSTABLE"	"2"	"bWorld"	"tinyint"	"1"	"3"	"0"	"0"	"0"	"0"		
"TSMSTABLE"	"3"	"dwUserID"	"int"	"4"	"10"	"0"	"0"	"0"	"0"		
"TSMSTABLE"	"4"	"szCharName"	"varchar"	"20"	"0"	"0"	"0"	"0"	"0"		
"TSMSTABLE"	"5"	"bType"	"tinyint"	"1"	"3"	"0"	"0"	"0"	"0"		
"TSMSTABLE"	"6"	"szSender"	"varchar"	"50"	"0"	"0"	"0"	"0"	"0"		
"TSMSTABLE"	"7"	"szMessage"	"varchar"	"255"	"0"	"0"	"0"	"0"	"0"		
"TSMSTABLE"	"8"	"dateSend"	"smalldatetime"	"4"	"16"	"0"	"0"	"0"	"0"		"(getdate())"
"TSMSTABLE"	"9"	"dwSMS"	"int"	"4"	"10"	"0"	"1"	"0"	"0"		
"TSMSTABLE"	"10"	"bResult"	"char"	"1"	"0"	"0"	"1"	"0"	"0"		
"TSVRTYPE"	"1"	"bType"	"tinyint"	"1"	"3"	"0"	"0"	"0"	"1"	"PK_TSVRTYPE"	
"TSVRTYPE"	"2"	"szName"	"varchar"	"50"	"0"	"0"	"0"	"0"	"0"	"PK_TSVRTYPE"	
"TSVRTYPE"	"3"	"bControl"	"tinyint"	"1"	"3"	"0"	"0"	"0"	"0"	"PK_TSVRTYPE"	
"TTEMPCASHITEM"	"1"	"dwID"	"int"	"4"	"10"	"0"	"1"	"0"	"0"		
"TTEMPCASHITEM"	"2"	"dwUserID"	"int"	"4"	"10"	"0"	"1"	"0"	"0"		
"TTEMPCASHITEM"	"3"	"wCashItemID"	"smallint"	"2"	"5"	"0"	"1"	"0"	"0"		
"TTEMPCASHITEM"	"4"	"bCount"	"tinyint"	"1"	"3"	"0"	"1"	"0"	"0"		
"TTEMPDURINGITEMTABLE"	"1"	"dwUserID"	"int"	"4"	"10"	"0"	"0"	"0"	"1"	"PK_TTEMPDURINGITEMTABLE"	
"TTEMPDURINGITEMTABLE"	"2"	"wItemID"	"smallint"	"2"	"5"	"0"	"0"	"0"	"1"	"PK_TTEMPDURINGITEMTABLE"	
"TTEMPDURINGITEMTABLE"	"3"	"bType"	"tinyint"	"1"	"3"	"0"	"0"	"0"	"0"	"PK_TTEMPDURINGITEMTABLE"	
"TTEMPDURINGITEMTABLE"	"4"	"dwRemainTime"	"int"	"4"	"10"	"0"	"0"	"0"	"0"	"PK_TTEMPDURINGITEMTABLE"	
"TTEMPDURINGITEMTABLE"	"5"	"dEndTime"	"smalldatetime"	"4"	"16"	"0"	"0"	"0"	"0"	"PK_TTEMPDURINGITEMTABLE"	
"ttemplevel"	"1"	"dwuserid"	"int"	"4"	"10"	"0"	"0"	"0"	"0"		
"ttemplevel"	"2"	"bmaxlevel"	"tinyint"	"1"	"3"	"0"	"1"	"0"	"0"		
"ttempuser"	"1"	"dwUserID"	"int"	"4"	"10"	"0"	"0"	"0"	"0"		
"ttempuser"	"2"	"dwCharID"	"int"	"4"	"10"	"0"	"0"	"0"	"0"		
"ttempuser"	"3"	"bLevel"	"tinyint"	"1"	"3"	"0"	"0"	"0"	"0"		
"ttempuser"	"4"	"bmaxlevel"	"int"	"4"	"10"	"0"	"0"	"0"	"0"		
"TTESTLOGINUSER"	"1"	"dwuserid"	"int"	"4"	"10"	"0"	"0"	"0"	"0"		
"TUNIFYCASHITEM"	"1"	"dwUserID"	"int"	"4"	"10"	"0"	"0"	"0"	"0"		
"TUNIFYCASHITEM"	"2"	"wItemID"	"smallint"	"2"	"5"	"0"	"0"	"0"	"0"		
"TUNIFYCASHITEM"	"3"	"bCount"	"tinyint"	"1"	"3"	"0"	"0"	"0"	"0"		
"TUNIFYPOSTITEMTABLE"	"1"	"dwUserID"	"int"	"4"	"10"	"0"	"0"	"0"	"1"	"PK_TUNIFYPOSTITEMTABLE"	
"TUNIFYPOSTITEMTABLE"	"2"	"dwPostID"	"int"	"4"	"10"	"0"	"0"	"1"	"1"	"PK_TUNIFYPOSTITEMTABLE"	
"TUNIFYPOSTITEMTABLE"	"3"	"wItemID"	"smallint"	"2"	"5"	"0"	"0"	"0"	"0"	"PK_TUNIFYPOSTITEMTABLE"	
"TUNIFYPOSTITEMTABLE"	"4"	"bLevel"	"tinyint"	"1"	"3"	"0"	"0"	"0"	"0"	"PK_TUNIFYPOSTITEMTABLE"	
"TUNIFYPOSTITEMTABLE"	"5"	"bCount"	"tinyint"	"1"	"3"	"0"	"0"	"0"	"0"	"PK_TUNIFYPOSTITEMTABLE"	
"TUNIFYPOSTITEMTABLE"	"6"	"bMagic1"	"tinyint"	"1"	"3"	"0"	"0"	"0"	"0"	"PK_TUNIFYPOSTITEMTABLE"	
"TUNIFYPOSTITEMTABLE"	"7"	"bMagic2"	"tinyint"	"1"	"3"	"0"	"0"	"0"	"0"	"PK_TUNIFYPOSTITEMTABLE"	
"TUNIFYPOSTITEMTABLE"	"8"	"bMagic3"	"tinyint"	"1"	"3"	"0"	"0"	"0"	"0"	"PK_TUNIFYPOSTITEMTABLE"	
"TUNIFYPOSTITEMTABLE"	"9"	"bMagic4"	"tinyint"	"1"	"3"	"0"	"0"	"0"	"0"	"PK_TUNIFYPOSTITEMTABLE"	
"TUNIFYPOSTITEMTABLE"	"10"	"bMagic5"	"tinyint"	"1"	"3"	"0"	"0"	"0"	"0"	"PK_TUNIFYPOSTITEMTABLE"	
"TUNIFYPOSTITEMTABLE"	"11"	"bMagic6"	"tinyint"	"1"	"3"	"0"	"0"	"0"	"0"	"PK_TUNIFYPOSTITEMTABLE"	
"TUNIFYPOSTITEMTABLE"	"12"	"wValue1"	"smallint"	"2"	"5"	"0"	"0"	"0"	"0"	"PK_TUNIFYPOSTITEMTABLE"	
"TUNIFYPOSTITEMTABLE"	"13"	"wValue2"	"smallint"	"2"	"5"	"0"	"0"	"0"	"0"	"PK_TUNIFYPOSTITEMTABLE"	
"TUNIFYPOSTITEMTABLE"	"14"	"wValue3"	"smallint"	"2"	"5"	"0"	"0"	"0"	"0"	"PK_TUNIFYPOSTITEMTABLE"	
"TUNIFYPOSTITEMTABLE"	"15"	"wValue4"	"smallint"	"2"	"5"	"0"	"0"	"0"	"0"	"PK_TUNIFYPOSTITEMTABLE"	
"TUNIFYPOSTITEMTABLE"	"16"	"wValue5"	"smallint"	"2"	"5"	"0"	"0"	"0"	"0"	"PK_TUNIFYPOSTITEMTABLE"	
"TUNIFYPOSTITEMTABLE"	"17"	"wValue6"	"smallint"	"2"	"5"	"0"	"0"	"0"	"0"	"PK_TUNIFYPOSTITEMTABLE"	
"TUNIFYPOSTITEMTABLE"	"18"	"dwTime1"	"int"	"4"	"10"	"0"	"0"	"0"	"0"	"PK_TUNIFYPOSTITEMTABLE"	
"TUNIFYPOSTITEMTABLE"	"19"	"dwTime2"	"int"	"4"	"10"	"0"	"0"	"0"	"0"	"PK_TUNIFYPOSTITEMTABLE"	
"TUNIFYPOSTITEMTABLE"	"20"	"dwTime3"	"int"	"4"	"10"	"0"	"0"	"0"	"0"	"PK_TUNIFYPOSTITEMTABLE"	
"TUNIFYPOSTITEMTABLE"	"21"	"dwTime4"	"int"	"4"	"10"	"0"	"0"	"0"	"0"	"PK_TUNIFYPOSTITEMTABLE"	
"TUNIFYPOSTITEMTABLE"	"22"	"dwTime5"	"int"	"4"	"10"	"0"	"0"	"0"	"0"	"PK_TUNIFYPOSTITEMTABLE"	
"TUNIFYPOSTITEMTABLE"	"23"	"dwTime6"	"int"	"4"	"10"	"0"	"0"	"0"	"0"	"PK_TUNIFYPOSTITEMTABLE"	
"TUSER_INTERFACE"	"1"	"bOption"	"tinyint"	"1"	"3"	"0"	"0"	"0"	"1"	"PK__TUSER_IN__264479056A70BD6B"	
"TUSER_INTERFACE"	"2"	"szName"	"varchar"	"260"	"0"	"0"	"0"	"0"	"0"	"PK__TUSER_IN__264479056A70BD6B"	
"TUSER_INTERFACE"	"3"	"dwSize"	"float"	"8"	"53"	"0"	"0"	"0"	"0"	"PK__TUSER_IN__264479056A70BD6B"	
"TUSERATTENDTABLE"	"1"	"dwUserID"	"int"	"4"	"10"	"0"	"0"	"0"	"1"	"PK_TUSERATTENDTABLE"	
"TUSERATTENDTABLE"	"2"	"bDay"	"tinyint"	"1"	"3"	"0"	"0"	"0"	"1"	"PK_TUSERATTENDTABLE"	
"TUSERATTENDTABLE"	"3"	"bApply"	"tinyint"	"1"	"3"	"0"	"0"	"0"	"0"	"PK_TUSERATTENDTABLE"	"(0)"
"TUSERINFOTABLE"	"1"	"dwUserID"	"int"	"4"	"10"	"0"	"0"	"0"	"1"	"PK_TUSERINFOTABLE"	
"TUSERINFOTABLE"	"2"	"bCanCreateCharCount"	"tinyint"	"1"	"3"	"0"	"0"	"0"	"0"	"PK_TUSERINFOTABLE"	"(6)"
"TUSERINFOTABLE"	"3"	"bAgreement"	"tinyint"	"1"	"3"	"0"	"0"	"0"	"0"	"PK_TUSERINFOTABLE"	"(0)"
"TUSERINFOTABLE"	"4"	"dCabinetUse"	"smalldatetime"	"4"	"16"	"0"	"1"	"0"	"0"	"PK_TUSERINFOTABLE"	"('2008-01-01')"
"TUSERPROTECTED"	"1"	"dwSeq"	"int"	"4"	"10"	"0"	"0"	"1"	"1"	"PK__TUSERPRO__E15A5BA13BEAD8AC"	
"TUSERPROTECTED"	"2"	"dwUserID"	"int"	"4"	"10"	"0"	"0"	"0"	"0"	"PK__TUSERPRO__E15A5BA13BEAD8AC"	
"TUSERPROTECTED"	"3"	"bBlockType"	"tinyint"	"1"	"3"	"0"	"0"	"0"	"0"	"PK__TUSERPRO__E15A5BA13BEAD8AC"	
"TUSERPROTECTED"	"4"	"bEternal"	"tinyint"	"1"	"3"	"0"	"0"	"0"	"0"	"PK__TUSERPRO__E15A5BA13BEAD8AC"	"(0)"
"TUSERPROTECTED"	"5"	"bWorld"	"tinyint"	"1"	"3"	"0"	"1"	"0"	"0"	"PK__TUSERPRO__E15A5BA13BEAD8AC"	
"TUSERPROTECTED"	"6"	"dwCharID"	"int"	"4"	"10"	"0"	"1"	"0"	"0"	"PK__TUSERPRO__E15A5BA13BEAD8AC"	
"TUSERPROTECTED"	"7"	"szCharName"	"varchar"	"20"	"0"	"0"	"1"	"0"	"0"	"PK__TUSERPRO__E15A5BA13BEAD8AC"	
"TUSERPROTECTED"	"8"	"startTime"	"datetime"	"8"	"23"	"3"	"0"	"0"	"0"	"PK__TUSERPRO__E15A5BA13BEAD8AC"	
"TUSERPROTECTED"	"9"	"dwDuration"	"int"	"4"	"10"	"0"	"0"	"0"	"0"	"PK__TUSERPRO__E15A5BA13BEAD8AC"	
"TUSERPROTECTED"	"10"	"bBlockReason"	"tinyint"	"1"	"3"	"0"	"0"	"0"	"0"	"PK__TUSERPRO__E15A5BA13BEAD8AC"	
"TUSERPROTECTED"	"11"	"szComment"	"nvarchar"	"8000"	"0"	"0"	"0"	"0"	"0"	"PK__TUSERPRO__E15A5BA13BEAD8AC"	
"TUSERPROTECTED"	"12"	"szGMID"	"varchar"	"20"	"0"	"0"	"0"	"0"	"0"	"PK__TUSERPRO__E15A5BA13BEAD8AC"	
"TUSERPROTECTED"	"13"	"regDate"	"datetime"	"8"	"23"	"3"	"0"	"0"	"0"	"PK__TUSERPRO__E15A5BA13BEAD8AC"	"(getdate())"
"TUSERPROTECTED"	"15"	"sentBanMail"	"tinyint"	"1"	"3"	"0"	"0"	"0"	"0"	"PK__TUSERPRO__E15A5BA13BEAD8AC"	
"TUSERPROTECTED_old"	"1"	"dwSeq"	"int"	"4"	"10"	"0"	"0"	"1"	"1"	"PK__TUSERPRO__E15A5BA150B0EB68"	
"TUSERPROTECTED_old"	"2"	"dwUserID"	"int"	"4"	"10"	"0"	"0"	"0"	"0"	"PK__TUSERPRO__E15A5BA150B0EB68"	
"TUSERPROTECTED_old"	"3"	"bBlockType"	"tinyint"	"1"	"3"	"0"	"0"	"0"	"0"	"PK__TUSERPRO__E15A5BA150B0EB68"	
"TUSERPROTECTED_old"	"4"	"bEternal"	"tinyint"	"1"	"3"	"0"	"0"	"0"	"0"	"PK__TUSERPRO__E15A5BA150B0EB68"	"((0))"
"TUSERPROTECTED_old"	"5"	"bWorld"	"tinyint"	"1"	"3"	"0"	"1"	"0"	"0"	"PK__TUSERPRO__E15A5BA150B0EB68"	
"TUSERPROTECTED_old"	"6"	"dwCharID"	"int"	"4"	"10"	"0"	"1"	"0"	"0"	"PK__TUSERPRO__E15A5BA150B0EB68"	
"TUSERPROTECTED_old"	"7"	"szCharName"	"varchar"	"20"	"0"	"0"	"1"	"0"	"0"	"PK__TUSERPRO__E15A5BA150B0EB68"	
"TUSERPROTECTED_old"	"8"	"startTime"	"datetime"	"8"	"23"	"3"	"0"	"0"	"0"	"PK__TUSERPRO__E15A5BA150B0EB68"	
"TUSERPROTECTED_old"	"9"	"dwDuration"	"int"	"4"	"10"	"0"	"0"	"0"	"0"	"PK__TUSERPRO__E15A5BA150B0EB68"	
"TUSERPROTECTED_old"	"10"	"bBlockReason"	"tinyint"	"1"	"3"	"0"	"0"	"0"	"0"	"PK__TUSERPRO__E15A5BA150B0EB68"	
"TUSERPROTECTED_old"	"11"	"szComment"	"nvarchar"	"8000"	"0"	"0"	"0"	"0"	"0"	"PK__TUSERPRO__E15A5BA150B0EB68"	
"TUSERPROTECTED_old"	"12"	"szGMID"	"varchar"	"20"	"0"	"0"	"0"	"0"	"0"	"PK__TUSERPRO__E15A5BA150B0EB68"	
"TUSERPROTECTED_old"	"13"	"regDate"	"datetime"	"8"	"23"	"3"	"0"	"0"	"0"	"PK__TUSERPRO__E15A5BA150B0EB68"	"(getdate())"
"TUSERPROTECTED_old"	"14"	"bPerm"	"int"	"4"	"10"	"0"	"1"	"0"	"0"	"PK__TUSERPRO__E15A5BA150B0EB68"	
"TVERSION"	"1"	"dwVersion"	"int"	"4"	"10"	"0"	"0"	"0"	"1"	"PK__TVERSION__895A315451DA19CB"	
"TVERSION"	"2"	"szPath"	"varchar"	"260"	"0"	"0"	"0"	"0"	"0"	"PK__TVERSION__895A315451DA19CB"	
"TVERSION"	"3"	"szName"	"varchar"	"260"	"0"	"0"	"0"	"0"	"0"	"PK__TVERSION__895A315451DA19CB"	
"TVERSION"	"4"	"dwSize"	"int"	"4"	"10"	"0"	"0"	"0"	"0"	"PK__TVERSION__895A315451DA19CB"	"((0))"
"TVERSION"	"5"	"dwBetaVer"	"int"	"4"	"10"	"0"	"1"	"0"	"0"	"PK__TVERSION__895A315451DA19CB"	
"TVETERANCHART"	"1"	"bID"	"tinyint"	"1"	"3"	"0"	"0"	"0"	"1"	"PK__TVETERAN__DE99891F168449D3"	
"TVETERANCHART"	"2"	"bLevel"	"tinyint"	"1"	"3"	"0"	"0"	"0"	"0"	"PK__TVETERAN__DE99891F168449D3"	
"USERIPLOG"	"1"	"IP"	"varchar"	"-1"	"0"	"0"	"1"	"0"	"0"		
"USERIPLOG"	"2"	"Username"	"varchar"	"-1"	"0"	"0"	"1"	"0"	"0"		
"USERIPLOG"	"3"	"Date_time"	"smalldatetime"	"4"	"16"	"0"	"1"	"0"	"0"		
